variant,n_features,log_loss,d_log_loss,auc,c_index,mae_median_pred
full model,78,0.3161,0.0,0.8552,0.7412,2.579
drop injury,67,0.3332,0.0171,0.8362,0.6792,2.779
drop player,70,0.3159,-0.0001,0.8557,0.742,2.591
drop load,57,0.328,0.0119,0.8413,0.712,2.648
drop history,64,0.3139,-0.0022,0.8574,0.7441,2.642
drop incentive,72,0.3172,0.0011,0.8534,0.7426,2.566
drop context,67,0.3177,0.0016,0.8531,0.7398,2.61
drop schedule_time,71,0.3709,0.0549,0.7929,0.7418,2.694
only injury,11,0.4157,0.0996,0.7257,0.6845,3.471
only player,8,0.4731,0.1571,0.5108,0.5267,4.278
only load,21,0.4224,0.1064,0.7173,0.6798,3.06
only history,14,0.4784,0.1623,0.6172,0.5839,3.159
only incentive,6,0.4422,0.1262,0.5998,0.5642,3.707
only context,11,0.4313,0.1152,0.6528,0.6134,3.477
only schedule_time,7,0.364,0.048,0.7998,0.5057,2.973
