game_date,game_id,team,opponent,home,position,depth,player,height_cm,injury_report,p_play,minutes_if_plays,expected_minutes,expected_usage,roster_rank,available_rank,rank_gain,team_vacated_min,vacated_min_same_pos
2026-04-12,22501189,ATL,MIA,false,PG,1,Nickeil Alexander-Walker,195,Questionable,0.378,33.1,12.5,0.231,1,5,-4,160.7,24.1
2026-04-12,22501189,ATL,MIA,false,PG,2,CJ McCollum,190,Questionable,0.443,33.1,14.6,0.267,4,4,0,165.6,29.0
2026-04-12,22501189,ATL,MIA,false,PG,3,Keaton Wallace,190,"",0.605,20.4,12.3,0.192,14,15,-1,179.5,42.9
2026-04-12,22501189,ATL,MIA,false,PG,4,RayJ Dennis,186,Questionable,0.168,16.3,2.7,0.103,19,18,1,176.1,39.5
2026-04-12,22501189,ATL,MIA,false,SG,1,Gabe Vincent,187,"",0.948,21.6,20.4,0.163,9,3,6,181.1,12.3
2026-04-12,22501189,ATL,MIA,false,SG,2,Corey Kispert,198,"",0.714,21.6,15.4,0.216,11,8,3,177.6,8.9
2026-04-12,22501189,ATL,MIA,false,SG,3,Buddy Hield,193,"",0.337,20.4,6.9,0.232,13,14,-1,173.6,4.9
2026-04-12,22501189,ATL,MIA,false,SF,1,Dyson Daniels,200,Questionable,0.378,31.9,12.1,0.186,3,7,-4,161.9,5.5
2026-04-12,22501189,ATL,MIA,false,SF,2,Zaccharie Risacher,203,"",0.915,24.7,22.6,0.174,7,1,6,180.3,23.9
2026-04-12,22501189,ATL,MIA,false,SF,3,Caleb Houstan,203,"",0.378,17.7,6.7,0.173,17,17,0,177.8,21.4
2026-04-12,22501189,ATL,MIA,false,PF,1,Jalen Johnson,203,Questionable,0.378,33.9,12.8,0.278,2,6,-4,160.8,15.7
2026-04-12,22501189,ATL,MIA,false,PF,2,Jonathan Kuminga,200,Questionable,0.443,23.8,10.5,0.219,6,9,-3,169.8,24.7
2026-04-12,22501189,ATL,MIA,false,PF,3,Asa Newell,208,"",0.605,17.6,10.7,0.198,16,12,4,178.1,33.0
2026-04-12,22501189,ATL,MIA,false,C,1,Onyeka Okongwu,208,Questionable,0.317,30.1,9.6,0.204,5,10,-5,161.6,41.4
2026-04-12,22501189,ATL,MIA,false,C,2,Mouhamed Gueye,209,"",0.985,23.2,22.8,0.135,8,2,6,181.6,61.4
2026-04-12,22501189,ATL,MIA,false,C,3,Jock Landale,210,Out,0.0,22.5,0.0,0.187,10,19,,161.6,41.4
2026-04-12,22501189,ATL,MIA,false,C,4,Tony Bradley,209,"",0.655,20.7,13.6,0.179,12,11,1,178.4,58.2
2026-04-12,22501189,ATL,MIA,false,C,5,Christian Koloko,213,"",0.482,19.1,9.2,0.161,15,13,2,176.7,56.6
2026-04-12,22501189,ATL,MIA,false,C,6,Keshon Gilbert,,Questionable,0.168,17.5,2.9,0.143,18,16,2,169.3,49.1
2026-04-12,22501192,BKN,TOR,false,PG,1,Ben Saraf,198,"",0.985,30.3,29.9,0.244,3,2,1,258.1,23.9
2026-04-12,22501192,BKN,TOR,false,PG,2,Nolan Traore,190,Doubtful,0.02,25.7,0.5,0.276,5,10,,236.8,2.6
2026-04-12,22501192,BKN,TOR,false,PG,3,Tyson Etienne,182,"",0.886,29.8,26.4,0.226,6,6,0,256.3,22.1
2026-04-12,22501192,BKN,TOR,false,SG,1,Drake Powell,195,"",0.714,27.0,19.3,0.185,4,5,-1,251.4,21.8
2026-04-12,22501192,BKN,TOR,false,SG,2,Terance Mann,196,Out,0.0,23.7,0.0,0.163,13,16,,236.7,7.1
2026-04-12,22501192,BKN,TOR,false,SF,1,Jalen Wilson,198,"",0.915,29.3,26.8,0.224,7,4,3,256.8,73.1
2026-04-12,22501192,BKN,TOR,false,SF,2,Ziaire Williams,205,Out,0.0,26.6,0.0,0.23,10,15,,235.9,52.2
2026-04-12,22501192,BKN,TOR,false,SF,3,Josh Minott,203,Out,0.003,24.8,0.1,0.172,14,11,,240.7,57.0
2026-04-12,22501192,BKN,TOR,false,SF,4,Ochai Agbaji,195,Available,0.552,26.3,14.5,0.18,16,9,7,251.6,67.9
2026-04-12,22501192,BKN,TOR,false,SF,5,Egor Demin,203,Out,0.0,22.1,0.0,0.149,19,12,,232.6,48.9
2026-04-12,22501192,BKN,TOR,false,PF,1,Malachi Smith,,"",0.962,29.9,28.8,0.15,1,3,-2,257.6,77.3
2026-04-12,22501192,BKN,TOR,false,PF,2,E.J. Liddell,198,"",0.886,26.9,23.8,0.202,9,7,2,256.7,76.4
2026-04-12,22501192,BKN,TOR,false,PF,3,Noah Clowney,207,Out,0.0,25.9,0.0,0.214,12,14,,235.8,55.5
2026-04-12,22501192,BKN,TOR,false,PF,4,Danny Wolf,210,Out,0.0,25.6,0.0,0.22,15,17,,237.1,56.8
2026-04-12,22501192,BKN,TOR,false,PF,5,Michael Porter Jr.,208,Out,0.0,29.2,0.0,0.286,17,19,,227.2,46.9
2026-04-12,22501192,BKN,TOR,false,C,1,Trevon Scott,203,"",0.962,30.3,29.2,0.154,2,1,1,257.5,51.4
2026-04-12,22501192,BKN,TOR,false,C,2,Nic Claxton,210,Out,0.0,23.2,0.0,0.201,8,13,,234.9,28.7
2026-04-12,22501192,BKN,TOR,false,C,3,Chaney Johnson,,"",0.552,21.7,12.0,0.178,11,8,3,250.2,44.0
2026-04-12,22501192,BKN,TOR,false,C,4,Day'Ron Sharpe,207,Out,0.0,21.5,0.0,0.226,18,18,,239.1,33.0
2026-04-12,22501186,BOS,ORL,true,PG,1,Payton Pritchard,185,Doubtful,0.006,29.4,0.2,0.229,1,13,,206.9,33.9
2026-04-12,22501186,BOS,ORL,true,PG,2,Derrick White,193,Out,0.0,30.3,0.0,0.235,2,15,,205.2,32.1
2026-04-12,22501186,BOS,ORL,true,PG,3,Max Shulga,193,"",0.337,18.2,6.1,0.167,15,9,6,236.3,63.3
2026-04-12,22501186,BOS,ORL,true,SG,1,Ron Harper Jr.,194,"",0.655,28.6,18.8,0.184,12,5,7,234.6,1.6
2026-04-12,22501186,BOS,ORL,true,SG,2,John Tonje,193,"",0.317,14.5,4.6,0.164,16,8,8,236.1,3.1
2026-04-12,22501186,BOS,ORL,true,SF,1,Jaylen Brown,198,Out,0.0,35.9,0.0,0.348,3,14,,203.1,4.0
2026-04-12,22501186,BOS,ORL,true,SF,2,Baylor Scheierman,198,"",0.995,29.2,29.0,0.154,6,1,5,237.6,38.5
2026-04-12,22501186,BOS,ORL,true,SF,3,Hugo González,198,"",0.698,30.9,21.6,0.147,10,4,6,233.8,34.7
2026-04-12,22501186,BOS,ORL,true,PF,1,Sam Hauser,200,Doubtful,0.025,25.9,0.6,0.164,4,10,,212.7,48.5
2026-04-12,22501186,BOS,ORL,true,PF,2,Jayson Tatum,203,Out,0.006,34.9,0.2,0.302,7,12,,203.8,39.7
2026-04-12,22501186,BOS,ORL,true,PF,3,Jordan Walsh,198,"",0.95,28.7,27.3,0.167,8,2,6,236.9,72.7
2026-04-12,22501186,BOS,ORL,true,PF,4,Dalano Banton,203,"",0.036,19.4,0.7,0.192,13,11,,223.8,59.7
2026-04-12,22501186,BOS,ORL,true,C,1,Neemias Queta,213,Out,0.0,26.6,0.0,0.178,5,16,,212.2,30.6
2026-04-12,22501186,BOS,ORL,true,C,2,Luka Garza,208,"",0.698,28.9,20.2,0.236,9,3,6,232.9,51.3
2026-04-12,22501186,BOS,ORL,true,C,3,Nikola Vučević,207,Doubtful,0.036,22.6,0.8,0.226,11,7,,216.2,34.6
2026-04-12,22501186,BOS,ORL,true,C,4,Amari Williams,210,"",0.317,18.6,5.9,0.1,14,6,8,233.4,51.8
2026-04-12,22501190,CHA,NYK,false,PG,1,LaMelo Ball,199,"",1.0,28.6,28.6,0.302,3,3,0,64.6,3.2
2026-04-12,22501190,CHA,NYK,false,PG,2,Coby White,194,Probable,0.985,19.9,19.6,0.291,9,6,3,64.3,2.9
2026-04-12,22501190,CHA,NYK,false,PG,3,Tre Mann,190,"",0.552,5.0,2.8,0.256,12,13,-1,61.7,0.3
2026-04-12,22501190,CHA,NYK,false,SG,1,Brandon Miller,199,"",0.995,30.1,29.9,0.236,1,1,0,64.4,10.9
2026-04-12,22501190,CHA,NYK,false,SG,2,Sion James,193,"",0.998,17.1,17.1,0.123,6,8,-2,64.5,11.0
2026-04-12,22501190,CHA,NYK,false,SG,3,Antonio Reeves,194,Out,0.0,3.1,0.0,0.191,17,16,,53.7,0.2
2026-04-12,22501190,CHA,NYK,false,SF,1,Josh Green,193,"",0.937,12.1,11.4,0.111,10,10,0,63.7,24.4
2026-04-12,22501190,CHA,NYK,false,SF,2,Pat Connaughton,193,"",0.552,5.1,2.8,0.165,11,14,-3,62.0,22.7
2026-04-12,22501190,CHA,NYK,false,SF,3,Liam McNeeley,195,"",0.52,5.8,3.0,0.126,15,11,4,59.4,20.1
2026-04-12,22501190,CHA,NYK,false,SF,4,Tosan Evbuomwan,201,Out,0.0,3.1,0.0,0.127,18,17,,47.9,8.6
2026-04-12,22501190,CHA,NYK,false,PF,1,Kon Knueppel,193,"",1.0,29.6,29.6,0.221,2,2,0,64.6,13.5
2026-04-12,22501190,CHA,NYK,false,PF,2,Miles Bridges,199,"",1.0,27.0,27.0,0.208,4,4,0,64.6,13.5
2026-04-12,22501190,CHA,NYK,false,PF,3,Grant Williams,196,"",0.969,18.4,17.8,0.133,8,7,1,63.9,12.9
2026-04-12,22501190,CHA,NYK,false,PF,4,Xavier Tillman,201,"",0.52,5.8,3.0,0.163,13,15,-2,62.0,11.0
2026-04-12,22501190,CHA,NYK,false,PF,5,Tidjane Salaun,203,"",0.317,4.2,1.3,0.219,14,12,2,54.2,3.2
2026-04-12,22501190,CHA,NYK,false,C,1,Moussa Diabaté,205,"",0.993,25.0,24.9,0.112,5,5,0,64.4,11.3
2026-04-12,22501190,CHA,NYK,false,C,2,Ryan Kalkbrenner,213,"",0.989,15.5,15.4,0.103,7,9,-2,64.4,11.3
2026-04-12,22501190,CHA,NYK,false,C,3,PJ Hall,205,Out,0.0,3.9,0.0,0.128,16,18,,53.5,0.4
2026-04-12,22501193,CHI,DAL,false,PG,1,Tre Jones,185,"",0.937,30.7,28.7,0.241,1,1,0,217.6,35.4
2026-04-12,22501193,CHI,DAL,false,PG,2,Collin Sexton,186,Probable,0.937,29.4,27.5,0.278,3,2,1,217.7,35.5
2026-04-12,22501193,CHI,DAL,false,PG,3,Rob Dillingham,189,"",0.985,28.3,27.9,0.222,6,5,1,219.0,36.8
2026-04-12,22501193,CHI,DAL,false,PG,4,Josh Giddey,201,Out,0.0,31.0,0.0,0.241,8,11,,187.6,5.4
2026-04-12,22501193,CHI,DAL,false,PG,5,Yuki Kawamura,171,"",0.821,20.7,17.0,0.163,13,10,3,217.7,35.4
2026-04-12,22501193,CHI,DAL,false,SG,1,Mac McClung,187,"",0.88,19.7,17.3,0.196,15,9,6,218.0,36.5
2026-04-12,22501193,CHI,DAL,false,SG,2,Jaden Ivey,191,"",0.591,21.8,12.9,0.201,16,6,10,210.7,29.2
2026-04-12,22501193,CHI,DAL,false,SG,3,Anfernee Simons,190,Out,0.0,19.9,0.0,0.236,17,14,,194.0,12.5
2026-04-12,22501193,CHI,DAL,false,SG,4,Noa Essengue,203,Out,0.0,14.9,0.0,0.172,19,19,,216.9,35.4
2026-04-12,22501193,CHI,DAL,false,SF,1,Matas Buzelis,205,Out,0.0,30.2,0.0,0.238,4,12,,189.4,29.2
2026-04-12,22501193,CHI,DAL,false,SF,2,Patrick Williams,199,Probable,0.937,28.3,26.5,0.177,5,4,1,217.9,57.7
2026-04-12,22501193,CHI,DAL,false,SF,3,Isaac Okoro,194,Out,0.0,26.9,0.0,0.139,9,13,,191.6,31.5
2026-04-12,22501193,CHI,DAL,false,PF,1,Leonard Miller,208,"",0.982,29.8,29.2,0.204,2,3,-1,218.9,24.2
2026-04-12,22501193,CHI,DAL,false,PF,2,Guerschon Yabusele,201,Out,0.0,25.1,0.0,0.193,7,16,,197.2,2.5
2026-04-12,22501193,CHI,DAL,false,PF,3,Mouhamadou Gueye,205,"",0.835,21.1,17.7,0.152,12,8,4,217.3,22.6
2026-04-12,22501193,CHI,DAL,false,C,1,Lachlan Olbrich,203,Probable,0.886,22.2,19.7,0.144,10,7,3,218.0,59.1
2026-04-12,22501193,CHI,DAL,false,C,2,Nick Richards,212,Out,0.0,21.1,0.0,0.194,11,17,,199.9,41.1
2026-04-12,22501193,CHI,DAL,false,C,3,Jalen Smith,204,Out,0.0,21.2,0.0,0.178,14,15,,197.0,38.2
2026-04-12,22501193,CHI,DAL,false,C,4,Zach Collins,208,Out,0.0,13.4,0.0,0.154,18,18,,202.0,43.2
2026-04-12,22501187,CLE,WAS,true,PG,1,James Harden,195,Out,0.0,35.5,0.0,0.265,1,10,,218.5,55.7
2026-04-12,22501187,CLE,WAS,true,PG,2,Donovan Mitchell,189,Out,0.0,32.5,0.0,0.333,3,17,,219.2,56.4
2026-04-12,22501187,CLE,WAS,true,PG,3,Dennis Schröder,185,Out,0.0,25.7,0.0,0.241,5,15,,231.7,68.9
2026-04-12,22501187,CLE,WAS,true,PG,4,Tyrese Proctor,193,"",0.714,27.3,19.5,0.232,15,6,9,249.1,86.3
2026-04-12,22501187,CLE,WAS,true,SG,1,Keon Ellis,193,Out,0.0,28.3,0.0,0.142,4,13,,227.7,30.5
2026-04-12,22501187,CLE,WAS,true,SG,2,Sam Merrill,193,Out,0.0,31.3,0.0,0.185,6,18,,224.6,27.3
2026-04-12,22501187,CLE,WAS,true,SG,3,Craig Porter Jr.,185,"",0.821,30.5,25.1,0.143,13,3,10,248.7,51.5
2026-04-12,22501187,CLE,WAS,true,SF,1,Jaylon Tyson,198,"",0.985,26.4,26.0,0.243,11,2,9,251.5,7.0
2026-04-12,22501187,CLE,WAS,true,SF,2,Nae'Qwan Tomlin,205,"",0.818,28.9,23.7,0.177,12,4,8,249.4,4.9
2026-04-12,22501187,CLE,WAS,true,SF,3,Tristan Enaruna,200,"",0.655,28.0,18.3,0.167,16,7,9,249.5,5.0
2026-04-12,22501187,CLE,WAS,true,SF,4,Riley Minix,200,"",0.443,22.7,10.1,0.159,18,9,9,249.7,5.2
2026-04-12,22501187,CLE,WAS,true,PF,1,Evan Mobley,210,Out,0.0,30.7,0.0,0.246,2,11,,222.4,25.2
2026-04-12,22501187,CLE,WAS,true,PF,2,Max Strus,195,"",0.989,28.9,28.6,0.187,7,1,6,251.6,54.4
2026-04-12,22501187,CLE,WAS,true,PF,3,Dean Wade,205,Out,0.0,22.3,0.0,0.118,10,14,,230.8,33.6
2026-04-12,22501187,CLE,WAS,true,PF,4,Larry Nance Jr.,200,"",0.676,21.5,14.5,0.151,14,5,9,248.0,50.8
2026-04-12,22501187,CLE,WAS,true,C,1,Jarrett Allen,205,Out,0.0,25.3,0.0,0.212,8,12,,225.5,19.8
2026-04-12,22501187,CLE,WAS,true,C,2,Thomas Bryant,207,Out,0.0,21.0,0.0,0.237,9,16,,236.2,30.5
2026-04-12,22501187,CLE,WAS,true,C,3,Olivier Sarr,209,"",0.443,19.0,8.4,0.145,17,8,9,247.8,42.0
2026-04-12,22501193,DAL,CHI,true,PG,1,Ryan Nembhard,180,"",0.948,27.9,26.5,0.183,5,4,1,210.7,56.3
2026-04-12,22501193,DAL,CHI,true,PG,2,Brandon Williams,185,Doubtful,0.029,22.4,0.7,0.238,9,13,,190.5,36.1
2026-04-12,22501193,DAL,CHI,true,PG,3,Kyrie Irving,187,Out,0.0,29.0,0.0,0.26,18,17,,176.8,22.4
2026-04-12,22501193,DAL,CHI,true,SG,1,Max Christie,195,"",0.998,33.1,33.1,0.171,2,2,0,211.7,41.1
2026-04-12,22501193,DAL,CHI,true,SG,2,Naji Marshall,198,Doubtful,0.029,26.7,0.8,0.245,3,12,,183.7,13.2
2026-04-12,22501193,DAL,CHI,true,SG,3,Klay Thompson,195,"",0.378,21.1,8.0,0.235,8,9,-1,198.7,28.1
2026-04-12,22501193,DAL,CHI,true,SF,1,John Poulakidas,,Probable,0.959,25.0,23.9,0.163,11,5,6,211.0,19.4
2026-04-12,22501193,DAL,CHI,true,SF,2,AJ Johnson,195,"",0.779,20.8,16.2,0.189,13,8,5,209.4,17.7
2026-04-12,22501193,DAL,CHI,true,SF,3,Caleb Martin,195,Doubtful,0.006,19.8,0.1,0.165,16,16,,194.8,3.1
2026-04-12,22501193,DAL,CHI,true,PF,1,Cooper Flagg,205,"",0.985,32.3,31.9,0.335,1,1,0,211.3,31.4
2026-04-12,22501193,DAL,CHI,true,PF,2,Khris Middleton,200,"",0.985,22.0,21.7,0.217,4,3,1,211.5,31.6
2026-04-12,22501193,DAL,CHI,true,PF,3,P.J. Washington,199,Doubtful,0.029,28.4,0.8,0.202,6,11,,182.2,2.3
2026-04-12,22501193,DAL,CHI,true,PF,4,Tyler Smith,205,Probable,0.835,19.0,15.9,0.176,14,10,4,210.2,30.4
2026-04-12,22501193,DAL,CHI,true,C,1,Marvin Bagley III,208,Doubtful,0.029,23.0,0.7,0.204,7,15,,192.3,41.7
2026-04-12,22501193,DAL,CHI,true,C,2,Dwight Powell,208,"",0.947,20.9,19.8,0.107,10,6,4,211.0,60.3
2026-04-12,22501193,DAL,CHI,true,C,3,Daniel Gafford,208,Doubtful,0.029,20.9,0.6,0.176,12,14,,190.8,40.1
2026-04-12,22501193,DAL,CHI,true,C,4,Moussa Cisse,210,Probable,0.937,20.3,19.0,0.142,15,7,8,210.8,60.1
2026-04-12,22501193,DAL,CHI,true,C,5,Dereck Lively II,215,Out,0.0,11.9,0.0,0.156,17,18,,192.9,42.3
2026-04-12,22501197,DEN,SAS,false,PG,1,Jamal Murray,193,Out,0.0,33.3,0.0,0.294,1,16,,203.2,14.1
2026-04-12,22501197,DEN,SAS,false,PG,2,Tyus Jones,184,"",0.52,26.6,13.8,0.126,12,9,3,234.1,45.0
2026-04-12,22501197,DEN,SAS,false,PG,3,Jalen Pickett,187,"",0.655,27.9,18.3,0.155,13,6,7,234.7,45.5
2026-04-12,22501197,DEN,SAS,false,PG,4,KJ Simpson,182,"",0.655,26.3,17.2,0.226,16,5,11,234.4,45.3
2026-04-12,22501197,DEN,SAS,false,SG,1,Christian Braun,198,Out,0.0,32.4,0.0,0.135,3,12,,207.2,26.7
2026-04-12,22501197,DEN,SAS,false,SG,2,Tim Hardaway Jr.,195,Out,0.0,26.1,0.0,0.189,5,14,,215.0,34.4
2026-04-12,22501197,DEN,SAS,false,SG,3,Bruce Brown,193,"",1.0,28.3,28.3,0.204,6,2,4,239.1,58.5
2026-04-12,22501197,DEN,SAS,false,SG,4,Curtis Jones,190,"",0.591,21.3,12.6,0.171,17,10,7,236.5,55.9
2026-04-12,22501197,DEN,SAS,false,SF,1,Julian Strawther,198,"",0.969,28.6,27.7,0.194,8,3,5,238.6,31.6
2026-04-12,22501197,DEN,SAS,false,SF,2,Peyton Watson,201,Out,0.0,28.2,0.0,0.241,11,18,,210.7,3.7
2026-04-12,22501197,DEN,SAS,false,SF,3,David Roddy,194,"",0.676,25.8,17.5,0.192,15,7,8,235.8,28.8
2026-04-12,22501197,DEN,SAS,false,PF,1,Cameron Johnson,203,Out,0.0,30.2,0.0,0.186,4,17,,208.6,51.7
2026-04-12,22501197,DEN,SAS,false,PF,2,Aaron Gordon,203,Out,0.0,28.1,0.0,0.195,7,13,,211.3,54.4
2026-04-12,22501197,DEN,SAS,false,PF,3,Spencer Jones,200,Out,0.0,22.0,0.0,0.112,9,15,,219.8,62.9
2026-04-12,22501197,DEN,SAS,false,PF,4,Zeke Nnaji,207,"",0.559,25.3,14.1,0.171,14,8,6,234.4,77.5
2026-04-12,22501197,DEN,SAS,false,C,1,Nikola Jokic,210,Questionable,0.655,32.0,21.0,0.322,2,1,1,226.7,4.0
2026-04-12,22501197,DEN,SAS,false,C,2,Jonas Valančiūnas,210,"",0.883,22.4,19.8,0.281,10,4,6,237.7,15.0
2026-04-12,22501197,DEN,SAS,false,C,3,DaRon Holmes II,207,"",0.559,17.1,9.6,0.19,18,11,7,236.5,13.8
2026-04-12,22501188,DET,IND,false,PG,1,Daniss Jenkins,191,"",0.998,25.7,25.7,0.212,2,2,0,56.1,3.1
2026-04-12,22501188,DET,IND,false,PG,2,Caris LeVert,199,"",0.958,15.5,14.9,0.181,9,9,0,55.4,2.4
2026-04-12,22501188,DET,IND,false,PG,3,Cade Cunningham,198,"",0.969,28.5,27.6,0.26,11,1,10,55.2,2.2
2026-04-12,22501188,DET,IND,false,PG,4,Marcus Sasser,186,"",0.886,9.1,8.1,0.221,12,12,0,54.8,1.8
2026-04-12,22501188,DET,IND,false,SG,1,Duncan Robinson,200,"",0.993,24.8,24.7,0.155,4,5,-1,56.0,10.7
2026-04-12,22501188,DET,IND,false,SG,2,Kevin Huerter,199,"",0.987,20.9,20.6,0.173,6,6,0,55.9,10.6
2026-04-12,22501188,DET,IND,false,SG,3,Chaz Lanier,190,"",0.655,5.3,3.5,0.19,14,14,0,53.8,8.5
2026-04-12,22501188,DET,IND,false,SG,4,Wendell Moore Jr.,195,Questionable,0.378,2.7,1.0,0.173,16,13,3,48.2,2.8
2026-04-12,22501188,DET,IND,false,SF,1,Ausar Thompson,199,"",0.989,23.9,23.7,0.16,3,4,-1,55.9,3.4
2026-04-12,22501188,DET,IND,false,SF,2,Javonte Green,195,"",0.985,12.5,12.4,0.148,8,10,-2,56.0,3.5
2026-04-12,22501188,DET,IND,false,SF,3,Bobi Klintman,205,"",0.317,3.3,1.1,0.183,17,17,0,53.0,0.5
2026-04-12,22501188,DET,IND,false,PF,1,Tobias Harris,203,"",0.995,24.6,24.5,0.164,5,3,2,56.1,3.2
2026-04-12,22501188,DET,IND,false,PF,2,Ronald Holland II,203,"",0.995,16.3,16.3,0.189,7,8,-1,56.1,3.2
2026-04-12,22501188,DET,IND,false,PF,3,Isaac Jones,204,"",0.378,3.3,1.3,0.208,18,16,2,53.1,0.2
2026-04-12,22501188,DET,IND,false,C,1,Jalen Duren,208,Out,0.0,24.9,0.0,0.224,1,18,,27.7,6.6
2026-04-12,22501188,DET,IND,false,C,2,Paul Reed,205,"",0.969,17.2,16.6,0.208,10,11,-1,55.7,34.7
2026-04-12,22501188,DET,IND,false,C,3,Isaiah Stewart,203,"",0.947,20.0,18.9,0.159,13,7,6,55.1,34.1
2026-04-12,22501188,DET,IND,false,C,4,Tolu Smith,210,"",0.443,6.7,3.0,0.167,15,15,0,51.1,30.1
2026-04-12,22501199,GSW,LAC,false,PG,1,Brandin Podziemski,193,"",0.971,28.7,27.9,0.237,1,1,0,151.2,1.9
2026-04-12,22501199,GSW,LAC,false,PG,2,Pat Spencer,189,"",0.985,20.6,20.3,0.179,4,6,-2,151.7,2.5
2026-04-12,22501199,GSW,LAC,false,PG,3,De'Anthony Melton,189,"",0.95,23.0,21.8,0.225,5,5,0,150.8,1.6
2026-04-12,22501199,GSW,LAC,false,PG,4,Stephen Curry,187,"",0.985,26.4,26.0,0.306,13,2,11,151.6,2.4
2026-04-12,22501199,GSW,LAC,false,SG,1,LJ Cryer,182,Out,0.006,14.1,0.1,0.225,10,16,,134.5,43.4
2026-04-12,22501199,GSW,LAC,false,SG,2,Nate Williams,195,"",0.443,10.9,4.8,0.174,12,15,-3,143.7,52.6
2026-04-12,22501199,GSW,LAC,false,SG,3,Moses Moody,195,Out,0.0,19.9,0.0,0.186,16,18,,124.0,32.9
2026-04-12,22501199,GSW,LAC,false,SG,4,Seth Curry,185,"",0.552,14.3,7.9,0.17,18,12,6,145.0,53.8
2026-04-12,22501199,GSW,LAC,false,SF,1,Gary Payton II,187,"",0.985,19.5,19.2,0.174,6,8,-2,151.7,41.4
2026-04-12,22501199,GSW,LAC,false,SF,2,Will Richard,190,Questionable,0.386,12.5,4.8,0.133,7,14,-7,140.3,30.0
2026-04-12,22501199,GSW,LAC,false,SF,3,Jimmy Butler III,199,Out,0.0,20.3,0.0,0.267,19,17,,122.3,12.0
2026-04-12,22501199,GSW,LAC,false,PF,1,Draymond Green,198,Questionable,0.378,25.8,9.8,0.146,2,9,-7,134.6,19.8
2026-04-12,22501199,GSW,LAC,false,PF,2,Gui Santos,199,"",0.969,28.9,28.0,0.2,3,3,0,151.1,36.3
2026-04-12,22501199,GSW,LAC,false,PF,3,Malevy Leons,205,"",0.779,12.6,9.8,0.149,11,11,0,149.4,34.6
2026-04-12,22501199,GSW,LAC,false,PF,4,Quinten Post,213,Out,0.0,11.8,0.0,0.211,17,19,,135.8,21.0
2026-04-12,22501199,GSW,LAC,false,C,1,Kristaps Porziņģis,218,"",0.971,25.1,24.4,0.245,8,4,4,151.3,8.7
2026-04-12,22501199,GSW,LAC,false,C,2,Omer Yurtseven,210,"",0.552,10.2,5.6,0.15,9,13,-4,146.0,3.3
2026-04-12,22501199,GSW,LAC,false,C,3,Charles Bassey,208,"",0.87,11.7,10.1,0.162,14,10,4,150.6,7.9
2026-04-12,22501199,GSW,LAC,false,C,4,Al Horford,204,"",0.948,18.3,17.4,0.189,15,7,8,150.9,8.2
2026-04-12,22501194,HOU,MEM,true,PG,1,Amen Thompson,200,Out,0.0,33.1,0.0,0.212,1,12,,186.4,38.7
2026-04-12,22501194,HOU,MEM,true,PG,2,Reed Sheppard,187,"",1.0,31.6,31.6,0.252,5,1,4,224.1,76.3
2026-04-12,22501194,HOU,MEM,true,PG,3,JD Davison,185,"",0.443,19.8,8.8,0.17,14,8,6,220.2,72.5
2026-04-12,22501194,HOU,MEM,true,PG,4,Fred VanVleet,182,Out,0.0,24.6,0.0,0.155,16,15,,189.2,41.5
2026-04-12,22501194,HOU,MEM,true,SG,1,Tari Eason,203,"",0.995,34.1,34.0,0.216,6,2,4,223.9,2.4
2026-04-12,22501194,HOU,MEM,true,SG,2,Aaron Holiday,182,"",0.958,25.6,24.5,0.168,8,3,5,223.5,2.0
2026-04-12,22501194,HOU,MEM,true,SG,3,Tristen Newton,195,"",0.168,11.6,2.0,0.165,17,11,6,222.2,0.7
2026-04-12,22501194,HOU,MEM,true,SF,1,Josh Okogie,193,"",0.948,24.4,23.1,0.135,7,4,3,223.4,5.6
2026-04-12,22501194,HOU,MEM,true,SF,2,Jae'Sean Tate,193,"",0.698,26.3,18.3,0.157,11,7,4,221.6,3.8
2026-04-12,22501194,HOU,MEM,true,SF,3,Isaiah Crawford,198,"",0.378,15.7,5.9,0.111,13,10,3,220.9,3.1
2026-04-12,22501194,HOU,MEM,true,PF,1,Kevin Durant,210,Out,0.0,31.3,0.0,0.262,2,13,,188.4,48.2
2026-04-12,22501194,HOU,MEM,true,PF,2,Jabari Smith Jr.,209,Out,0.0,33.0,0.0,0.234,3,14,,188.9,48.7
2026-04-12,22501194,HOU,MEM,true,PF,3,Dorian Finney-Smith,200,"",0.386,21.4,8.3,0.127,10,6,4,214.2,73.9
2026-04-12,22501194,HOU,MEM,true,PF,4,Jeff Green,203,"",0.443,19.3,8.6,0.201,12,9,3,220.9,80.7
2026-04-12,22501194,HOU,MEM,true,C,1,Alperen Sengun,210,Out,0.0,31.8,0.0,0.271,4,16,,192.7,23.6
2026-04-12,22501194,HOU,MEM,true,C,2,Clint Capela,208,"",0.958,22.3,21.3,0.154,9,5,4,223.6,54.6
2026-04-12,22501194,HOU,MEM,true,C,3,Steven Adams,210,Out,0.0,18.1,0.0,0.142,15,17,,200.9,31.9
2026-04-12,22501188,IND,DET,true,PG,1,Quenton Jackson,194,"",0.971,26.6,25.8,0.235,4,3,1,228.8,80.1
2026-04-12,22501188,IND,DET,true,PG,2,Kam Jones,193,"",0.95,27.1,25.8,0.165,9,6,3,228.5,79.7
2026-04-12,22501188,IND,DET,true,PG,3,Andrew Nembhard,193,Out,0.0,28.3,0.0,0.253,11,13,,198.8,50.0
2026-04-12,22501188,IND,DET,true,PG,4,T.J. McConnell,185,Out,0.0,22.1,0.0,0.239,15,17,,212.4,63.6
2026-04-12,22501188,IND,DET,true,PG,5,Tyrese Haliburton,195,Out,0.0,23.7,0.0,0.204,18,18,,198.0,49.2
2026-04-12,22501188,IND,DET,true,SG,1,Ethan Thompson,195,"",0.971,31.2,30.3,0.152,6,1,5,228.8,39.5
2026-04-12,22501188,IND,DET,true,SG,2,Ben Sheppard,198,Questionable,0.552,20.0,11.1,0.163,12,9,3,220.5,31.2
2026-04-12,22501188,IND,DET,true,SG,3,Aaron Nesmith,196,Out,0.0,26.4,0.0,0.226,13,14,,200.0,10.7
2026-04-12,22501188,IND,DET,true,SG,4,Taelon Peter,190,"",0.937,26.1,24.5,0.168,14,8,6,228.3,39.0
2026-04-12,22501188,IND,DET,true,SF,1,Jarace Walker,200,Questionable,0.337,29.4,9.9,0.233,2,11,-9,211.0,42.2
2026-04-12,22501188,IND,DET,true,SF,2,Kobe Brown,200,Questionable,0.482,27.3,13.2,0.182,3,10,-7,217.9,49.2
2026-04-12,22501188,IND,DET,true,SF,3,Pascal Siakam,203,Out,0.006,28.6,0.2,0.315,7,12,,198.7,29.9
2026-04-12,22501188,IND,DET,true,PF,1,Obi Toppin,205,"",0.985,22.2,21.9,0.254,8,7,1,229.2,19.8
2026-04-12,22501188,IND,DET,true,PF,2,Jalen Slawson,200,"",0.982,27.5,27.0,0.144,10,5,5,229.1,19.8
2026-04-12,22501188,IND,DET,true,PF,3,Johnny Furphy,204,Out,0.0,17.5,0.0,0.15,17,16,,209.9,0.6
2026-04-12,22501188,IND,DET,true,C,1,Jay Huff,215,"",0.985,22.6,22.3,0.214,1,2,-1,229.1,27.6
2026-04-12,22501188,IND,DET,true,C,2,Micah Potter,205,"",0.985,24.8,24.4,0.202,5,4,1,229.1,27.6
2026-04-12,22501188,IND,DET,true,C,3,Ivica Zubac,213,Out,0.0,19.6,0.0,0.21,16,15,,202.1,0.6
2026-04-12,22501199,LAC,GSW,true,PG,1,Kris Dunn,190,"",0.985,24.0,23.7,0.119,3,5,-2,87.5,16.4
2026-04-12,22501199,LAC,GSW,true,PG,2,Darius Garland,185,"",0.985,31.1,30.7,0.277,6,1,5,87.4,16.3
2026-04-12,22501199,LAC,GSW,true,PG,3,TyTy Washington Jr.,190,"",0.605,8.3,5.0,0.141,13,13,0,85.7,14.6
2026-04-12,22501199,LAC,GSW,true,PG,4,Bogdan Bogdanović,195,"",0.317,8.1,2.6,0.222,14,11,3,76.1,5.0
2026-04-12,22501199,LAC,GSW,true,PG,5,Sean Pedulla,,"",0.443,4.9,2.2,0.187,15,14,1,85.8,14.7
2026-04-12,22501199,LAC,GSW,true,SG,1,Jordan Miller,195,"",0.985,24.7,24.3,0.174,5,7,-2,87.5,31.2
2026-04-12,22501199,LAC,GSW,true,SG,2,Cam Christie,196,"",0.552,9.4,5.2,0.157,12,12,0,85.0,28.7
2026-04-12,22501199,LAC,GSW,true,SG,3,Norchad Omier,195,"",0.386,6.4,2.5,0.206,16,15,1,85.8,29.4
2026-04-12,22501199,LAC,GSW,true,SG,4,Bradley Beal,193,Out,0.0,16.7,0.0,0.214,17,17,,61.6,5.3
2026-04-12,22501199,LAC,GSW,true,SF,1,Derrick Jones Jr.,198,"",0.993,27.7,27.5,0.146,4,3,1,87.7,1.3
2026-04-12,22501199,LAC,GSW,true,SF,2,Bennedict Mathurin,195,"",0.985,26.8,26.4,0.233,7,4,3,87.5,1.1
2026-04-12,22501199,LAC,GSW,true,SF,3,Kobe Sanders,203,"",0.948,16.5,15.6,0.194,9,8,1,87.0,0.6
2026-04-12,22501199,LAC,GSW,true,PF,1,Kawhi Leonard,199,Questionable,0.378,32.1,12.2,0.302,1,9,-8,68.7,2.9
2026-04-12,22501199,LAC,GSW,true,PF,2,John Collins,205,"",0.969,26.8,26.0,0.199,8,6,2,87.1,21.3
2026-04-12,22501199,LAC,GSW,true,PF,3,Nicolas Batum,201,"",0.818,11.0,9.0,0.104,10,10,0,85.7,19.9
2026-04-12,22501199,LAC,GSW,true,C,1,Brook Lopez,215,"",0.995,28.3,28.1,0.187,2,2,0,87.7,16.0
2026-04-12,22501199,LAC,GSW,true,C,2,Isaiah Jackson,204,Out,0.0,13.4,0.0,0.119,11,16,,71.9,0.1
2026-04-12,22501198,LAL,UTA,true,PG,1,Austin Reaves,195,Out,0.0,34.3,0.0,0.246,6,18,,80.7,39.6
2026-04-12,22501198,LAL,UTA,true,PG,2,Luka Doncic,198,Out,0.0,31.9,0.0,0.391,7,17,,80.4,39.3
2026-04-12,22501198,LAL,UTA,true,PG,3,Bronny James,187,"",0.883,15.3,13.5,0.208,11,10,1,114.2,73.1
2026-04-12,22501198,LAL,UTA,true,PG,4,Kobe Bufkin,193,"",0.552,13.7,7.6,0.285,16,13,3,112.1,71.0
2026-04-12,22501198,LAL,UTA,true,SG,1,Luke Kennard,195,"",0.995,25.4,25.2,0.162,2,4,-2,115.3,3.0
2026-04-12,22501198,LAL,UTA,true,SG,2,Marcus Smart,190,"",0.971,27.0,26.2,0.186,9,1,8,114.6,2.2
2026-04-12,22501198,LAL,UTA,true,SG,3,Nick Smith Jr.,187,"",0.821,12.6,10.3,0.251,14,9,5,113.3,0.9
2026-04-12,22501198,LAL,UTA,true,SF,1,Jake LaRavia,200,"",0.995,25.7,25.6,0.154,3,5,-2,115.3,5.0
2026-04-12,22501198,LAL,UTA,true,SF,2,Rui Hachimura,203,"",0.993,25.6,25.5,0.171,5,2,3,115.2,5.0
2026-04-12,22501198,LAL,UTA,true,SF,3,Dalton Knecht,198,"",0.552,7.9,4.3,0.142,15,14,1,112.7,2.4
2026-04-12,22501198,LAL,UTA,true,SF,4,Adou Thiero,,"",0.591,9.4,5.5,0.141,17,15,2,113.3,3.0
2026-04-12,22501198,LAL,UTA,true,PF,1,LeBron James,205,Questionable,0.552,32.4,17.9,0.263,1,6,-5,100.6,6.5
2026-04-12,22501198,LAL,UTA,true,PF,2,Jarred Vanderbilt,203,"",0.937,16.1,15.1,0.125,10,7,3,114.5,20.4
2026-04-12,22501198,LAL,UTA,true,PF,3,Maxi Kleber,208,"",0.818,13.1,10.7,0.101,12,11,1,113.5,19.3
2026-04-12,22501198,LAL,UTA,true,PF,4,Drew Timme,208,"",0.655,12.5,8.2,0.157,13,12,1,111.8,17.7
2026-04-12,22501198,LAL,UTA,true,C,1,Deandre Ayton,213,"",0.995,25.3,25.2,0.169,4,3,1,115.3,11.5
2026-04-12,22501198,LAL,UTA,true,C,2,Jaxson Hayes,213,Questionable,0.552,18.1,10.0,0.168,8,8,0,106.4,2.6
2026-04-12,22501198,LAL,UTA,true,C,3,Chris Mañon,,"",0.482,7.7,3.7,0.134,18,16,2,112.9,9.1
2026-04-12,22501194,MEM,HOU,false,PG,1,Walter Clayton Jr.,193,Questionable,0.317,27.2,8.6,0.228,5,11,-6,351.9,104.4
2026-04-12,22501194,MEM,HOU,false,PG,2,Cam Spencer,191,Out,0.0,26.5,0.0,0.164,14,22,,345.0,97.5
2026-04-12,22501194,MEM,HOU,false,PG,3,Javon Small,185,Probable,0.605,27.7,16.8,0.202,15,7,8,358.8,111.3
2026-04-12,22501194,MEM,HOU,false,PG,4,Ty Jerome,195,Out,0.0,20.5,0.0,0.283,17,16,,345.9,98.4
2026-04-12,22501194,MEM,HOU,false,PG,5,Scotty Pippen Jr.,186,Out,0.0,20.0,0.0,0.204,19,18,,346.4,98.9
2026-04-12,22501194,MEM,HOU,false,PG,6,Ja Morant,187,Out,0.0,19.4,0.0,0.279,22,14,,339.6,92.1
2026-04-12,22501194,MEM,HOU,false,SG,1,Lucas Williamson,,"",0.886,33.4,29.6,0.159,2,2,0,364.3,53.8
2026-04-12,22501194,MEM,HOU,false,SG,2,DeJon Jarreau,195,"",0.676,18.9,12.8,0.196,8,8,0,361.7,51.2
2026-04-12,22501194,MEM,HOU,false,SG,3,Dariq Whitehead,198,"",0.87,24.4,21.2,0.226,9,6,3,365.3,54.8
2026-04-12,22501194,MEM,HOU,false,SG,4,Cedric Coward,195,Out,0.0,26.6,0.0,0.235,13,24,,344.4,33.9
2026-04-12,22501194,MEM,HOU,false,SG,5,Kentavious Caldwell-Pope,195,Out,0.0,16.9,0.0,0.171,20,13,,346.9,36.4
2026-04-12,22501194,MEM,HOU,false,SF,1,Toby Okani,,"",0.88,33.5,29.4,0.166,1,1,0,363.8,45.1
2026-04-12,22501194,MEM,HOU,false,SF,2,Adama Bal,,Questionable,0.378,30.3,11.5,0.148,3,9,-6,349.0,30.3
2026-04-12,22501194,MEM,HOU,false,SF,3,Rayan Rupert,199,"",0.937,27.3,25.6,0.171,12,4,8,366.4,47.6
2026-04-12,22501194,MEM,HOU,false,SF,4,Jaylen Wells,201,Out,0.0,23.2,0.0,0.212,16,23,,343.6,24.8
2026-04-12,22501194,MEM,HOU,false,PF,1,Tyler Burton,,"",0.818,26.0,21.3,0.18,4,5,-1,363.5,80.5
2026-04-12,22501194,MEM,HOU,false,PF,2,GG Jackson,205,Out,0.0,26.5,0.0,0.261,7,20,,343.7,60.7
2026-04-12,22501194,MEM,HOU,false,PF,3,Taylor Hendricks,205,Out,0.0,24.0,0.0,0.18,11,19,,345.7,62.7
2026-04-12,22501194,MEM,HOU,false,PF,4,Taj Gibson,205,"",0.378,12.6,4.8,0.154,18,12,6,362.2,79.2
2026-04-12,22501194,MEM,HOU,false,PF,5,Santi Aldama,213,Out,0.0,21.3,0.0,0.21,21,17,,340.0,57.0
2026-04-12,22501194,MEM,HOU,false,C,1,Jahmai Mashack,,Available,0.958,27.5,26.4,0.173,6,3,3,366.9,54.6
2026-04-12,22501194,MEM,HOU,false,C,2,Olivier-Maxence Prosper,200,Questionable,0.386,24.1,9.3,0.211,10,10,0,354.4,42.1
2026-04-12,22501194,MEM,HOU,false,C,3,Zach Edey,222,Out,0.0,17.6,0.0,0.182,23,21,,343.7,31.4
2026-04-12,22501194,MEM,HOU,false,C,4,Brandon Clarke,203,Out,0.0,9.3,0.0,0.146,24,15,,351.3,39.0
2026-04-12,22501189,MIA,ATL,true,PG,1,Davion Mitchell,182,Available,0.948,26.9,25.5,0.143,3,5,-2,66.6,16.9
2026-04-12,22501189,MIA,ATL,true,PG,2,Tyler Herro,195,Available,0.95,32.3,30.7,0.237,5,2,3,66.5,16.8
2026-04-12,22501189,MIA,ATL,true,PG,3,Dru Smith,187,Out,0.006,4.3,0.0,0.134,11,17,,55.1,5.4
2026-04-12,22501189,MIA,ATL,true,PG,4,Jahmir Young,182,"",0.443,3.7,1.7,0.144,16,14,2,65.8,16.1
2026-04-12,22501189,MIA,ATL,true,SG,1,Kasparas Jakučionis,,"",0.886,15.7,13.9,0.121,8,9,-1,66.0,24.1
2026-04-12,22501189,MIA,ATL,true,SG,2,Norman Powell,193,Questionable,0.655,25.6,16.8,0.246,9,8,1,58.8,16.9
2026-04-12,22501189,MIA,ATL,true,SG,3,Trevor Keels,193,"",0.443,4.3,1.9,0.16,17,16,1,66.9,25.0
2026-04-12,22501189,MIA,ATL,true,SG,4,Terry Rozier,185,"",0.317,8.9,2.8,0.163,18,11,7,54.5,12.5
2026-04-12,22501189,MIA,ATL,true,SF,1,Pelle Larsson,195,"",0.998,27.4,27.3,0.178,2,3,-1,68.0,2.8
2026-04-12,22501189,MIA,ATL,true,SF,2,Andrew Wiggins,200,Available,0.985,25.1,24.7,0.177,6,4,2,67.7,2.4
2026-04-12,22501189,MIA,ATL,true,SF,3,Simone Fontecchio,200,Probable,0.846,11.8,10.0,0.173,10,10,0,65.8,0.5
2026-04-12,22501189,MIA,ATL,true,PF,1,Jaime Jaquez Jr.,198,"",0.995,24.8,24.7,0.212,4,6,-2,68.0,19.0
2026-04-12,22501189,MIA,ATL,true,PF,2,Myron Gardner,,"",0.655,5.0,3.3,0.152,12,13,-1,65.1,16.2
2026-04-12,22501189,MIA,ATL,true,PF,3,Keshad Johnson,200,"",0.714,7.6,5.4,0.159,13,12,1,65.6,16.6
2026-04-12,22501189,MIA,ATL,true,PF,4,Nikola Jovic,208,Out,0.003,6.2,0.0,0.274,14,18,,54.6,5.6
2026-04-12,22501189,MIA,ATL,true,C,1,Bam Adebayo,205,"",0.995,34.3,34.1,0.234,1,1,0,67.9,1.4
2026-04-12,22501189,MIA,ATL,true,C,2,Kel'el Ware,213,"",0.995,17.8,17.7,0.185,7,7,0,68.0,1.5
2026-04-12,22501189,MIA,ATL,true,C,3,Vladislav Goldin,,"",0.443,3.6,1.6,0.114,15,15,0,66.8,0.2
2026-04-12,22501191,MIL,PHI,false,PG,1,Ousmane Dieng,205,"",0.985,34.2,33.7,0.264,2,2,0,206.7,69.9
2026-04-12,22501191,MIL,PHI,false,PG,2,Ryan Rollins,190,Out,0.003,30.3,0.1,0.263,4,11,,175.7,38.9
2026-04-12,22501191,MIL,PHI,false,PG,3,Kevin Porter Jr.,193,Out,0.0,30.1,0.0,0.265,13,17,,175.5,38.6
2026-04-12,22501191,MIL,PHI,false,PG,4,Gary Harris,193,Questionable,0.443,22.1,9.8,0.124,14,8,6,200.2,63.4
2026-04-12,22501191,MIL,PHI,false,SG,1,AJ Green,193,"",0.985,31.5,31.0,0.193,1,1,0,206.7,19.7
2026-04-12,22501191,MIL,PHI,false,SG,2,Cormac Ryan,,"",0.985,31.4,30.9,0.229,7,5,2,206.7,19.8
2026-04-12,22501191,MIL,PHI,false,SG,3,Gary Trent Jr.,195,Out,0.0,22.5,0.0,0.25,10,15,,189.4,2.5
2026-04-12,22501191,MIL,PHI,false,SG,4,Andre Jackson Jr.,198,"",0.846,25.1,21.3,0.203,11,7,4,205.4,18.4
2026-04-12,22501191,MIL,PHI,false,SF,1,Pete Nance,207,Questionable,0.482,26.8,12.9,0.164,5,6,-1,195.7,24.9
2026-04-12,22501191,MIL,PHI,false,SF,2,Taurean Prince,198,"",0.971,32.4,31.4,0.179,6,4,2,206.4,35.5
2026-04-12,22501191,MIL,PHI,false,SF,3,Kyle Kuzma,204,Out,0.0,26.0,0.0,0.233,9,12,,182.9,12.1
2026-04-12,22501191,MIL,PHI,false,PF,1,Bobby Portis,208,Out,0.0,23.7,0.0,0.236,12,13,,183.0,30.3
2026-04-12,22501191,MIL,PHI,false,PF,2,Giannis Antetokounmpo,210,Out,0.0,23.3,0.0,0.388,15,16,,179.0,26.3
2026-04-12,22501191,MIL,PHI,false,PF,3,Alex Antetokounmpo,,"",0.378,18.3,6.9,0.156,17,10,7,204.9,52.1
2026-04-12,22501191,MIL,PHI,false,C,1,Jericho Sims,208,"",0.985,31.1,30.6,0.136,3,3,0,206.7,25.8
2026-04-12,22501191,MIL,PHI,false,C,2,Myles Turner,210,Out,0.0,25.2,0.0,0.219,8,14,,183.6,2.7
2026-04-12,22501191,MIL,PHI,false,C,3,Thanasis Antetokounmpo,200,"",0.443,15.2,6.7,0.168,16,9,7,204.8,23.9
2026-04-12,22501195,MIN,NOP,true,PG,1,Bones Hyland,187,Out,0.0,26.2,0.0,0.249,7,18,,236.5,23.7
2026-04-12,22501195,MIN,NOP,true,PG,2,Mike Conley,184,Out,0.0,22.5,0.0,0.109,11,14,,239.6,26.8
2026-04-12,22501195,MIN,NOP,true,PG,3,Joe Ingles,203,"",0.337,20.5,6.9,0.125,15,7,8,253.3,40.5
2026-04-12,22501195,MIN,NOP,true,PG,4,Zyon Pullin,193,"",0.443,17.5,7.7,0.195,16,9,7,256.3,43.4
2026-04-12,22501195,MIN,NOP,true,SG,1,Donte DiVincenzo,193,"",0.993,29.6,29.4,0.214,1,1,0,257.4,62.7
2026-04-12,22501195,MIN,NOP,true,SG,2,Ayo Dosunmu,194,Out,0.0,32.3,0.0,0.25,4,17,,228.0,33.3
2026-04-12,22501195,MIN,NOP,true,SG,3,Anthony Edwards,193,Out,0.0,34.2,0.0,0.309,9,10,,224.6,29.8
2026-04-12,22501195,MIN,NOP,true,SF,1,Terrence Shannon Jr.,198,"",0.937,30.5,28.6,0.2,10,2,8,256.9,4.7
2026-04-12,22501195,MIN,NOP,true,SF,2,Jaylen Clark,194,"",0.88,28.7,25.2,0.198,12,3,9,256.3,4.1
2026-04-12,22501195,MIN,NOP,true,SF,3,Julian Phillips,200,"",0.552,28.2,15.6,0.165,14,5,9,254.3,2.1
2026-04-12,22501195,MIN,NOP,true,PF,1,Julius Randle,205,Out,0.0,30.6,0.0,0.301,2,16,,225.7,75.4
2026-04-12,22501195,MIN,NOP,true,PF,2,Naz Reid,205,Out,0.0,25.8,0.0,0.224,5,12,,232.5,82.2
2026-04-12,22501195,MIN,NOP,true,PF,3,Jaden McDaniels,205,Out,0.0,30.5,0.0,0.226,6,11,,227.3,76.9
2026-04-12,22501195,MIN,NOP,true,PF,4,Kyle Anderson,204,Out,0.0,26.1,0.0,0.152,8,13,,237.7,87.4
2026-04-12,22501195,MIN,NOP,true,C,1,Rudy Gobert,215,Out,0.0,27.8,0.0,0.174,3,15,,227.3,6.8
2026-04-12,22501195,MIN,NOP,true,C,2,Joan Beringer,210,"",0.714,28.9,20.6,0.202,13,4,9,255.2,34.7
2026-04-12,22501195,MIN,NOP,true,C,3,Rocco Zikarsky,220,"",0.443,16.1,7.1,0.143,17,8,9,255.7,35.2
2026-04-12,22501195,MIN,NOP,true,C,4,Enrique Freeman,203,"",0.552,18.5,10.2,0.118,18,6,12,255.1,34.6
2026-04-12,22501195,NOP,MIN,false,PG,1,Jeremiah Fears,190,"",0.993,29.5,29.3,0.304,1,1,0,240.9,33.5
2026-04-12,22501195,NOP,MIN,false,PG,2,Dejounte Murray,193,Out,0.0,28.1,0.0,0.267,9,12,,212.3,4.9
2026-04-12,22501195,NOP,MIN,false,PG,3,Jordan Poole,193,"",0.779,25.9,20.2,0.253,12,4,8,236.4,29.0
2026-04-12,22501195,NOP,MIN,false,SG,1,Herbert Jones,200,Out,0.0,29.0,0.0,0.193,5,15,,215.3,2.5
2026-04-12,22501195,NOP,MIN,false,SG,2,Trey Alexander,194,"",0.676,24.3,16.4,0.164,17,8,9,238.6,25.8
2026-04-12,22501195,NOP,MIN,false,SF,1,Trey Murphy III,203,Out,0.0,32.0,0.0,0.273,6,16,,206.5,24.1
2026-04-12,22501195,NOP,MIN,false,SF,2,Micah Peavy,200,"",0.969,30.1,29.1,0.159,8,5,3,240.5,58.2
2026-04-12,22501195,NOP,MIN,false,SF,3,Jordan Hawkins,195,"",0.88,25.8,22.7,0.231,11,6,5,239.4,57.1
2026-04-12,22501195,NOP,MIN,false,SF,4,Bryce McGowens,198,Out,0.0,21.8,0.0,0.135,13,17,,219.0,36.7
2026-04-12,22501195,NOP,MIN,false,PF,1,Saddiq Bey,201,Out,0.0,29.1,0.0,0.254,2,14,,208.9,34.1
2026-04-12,22501195,NOP,MIN,false,PF,2,Zion Williamson,198,Out,0.0,28.0,0.0,0.228,3,13,,211.8,37.1
2026-04-12,22501195,NOP,MIN,false,PF,3,Josh Oduro,,"",0.886,24.1,21.3,0.169,14,3,11,238.3,63.5
2026-04-12,22501195,NOP,MIN,false,PF,4,Hunter Dickinson,215,"",0.591,20.1,11.8,0.163,18,10,8,239.0,64.2
2026-04-12,22501195,NOP,MIN,false,C,1,Derik Queen,205,"",1.0,27.5,27.5,0.243,4,2,2,241.1,54.1
2026-04-12,22501195,NOP,MIN,false,C,2,Yves Missi,210,Out,0.0,21.7,0.0,0.141,7,11,,219.3,32.4
2026-04-12,22501195,NOP,MIN,false,C,3,Karlo Matkovic,208,Out,0.0,21.6,0.0,0.158,10,18,,224.1,37.1
2026-04-12,22501195,NOP,MIN,false,C,4,Kevon Looney,205,"",0.655,20.8,13.6,0.12,15,7,8,236.0,49.1
2026-04-12,22501195,NOP,MIN,false,C,5,DeAndre Jordan,210,"",0.317,17.1,5.4,0.162,16,9,7,230.7,43.7
2026-04-12,22501190,NYK,CHA,true,PG,1,Jalen Brunson,187,Out,0.0,34.4,0.0,0.315,1,14,,173.9,16.7
2026-04-12,22501190,NYK,CHA,true,PG,2,Jose Alvarado,182,"",0.821,29.6,24.3,0.224,9,4,5,206.1,48.8
2026-04-12,22501190,NYK,CHA,true,PG,3,Miles McBride,186,"",0.833,26.0,21.7,0.199,11,2,9,205.0,47.7
2026-04-12,22501190,NYK,CHA,true,PG,4,Tyler Kolek,189,Out,0.003,23.6,0.1,0.143,12,13,,199.1,41.8
2026-04-12,22501190,NYK,CHA,true,SG,1,Mikal Bridges,198,"",0.998,29.7,29.7,0.202,3,1,2,208.9,23.7
2026-04-12,22501190,NYK,CHA,true,SG,2,Landry Shamet,194,Out,0.0,26.7,0.0,0.201,6,17,,185.7,0.6
2026-04-12,22501190,NYK,CHA,true,SG,3,Jordan Clarkson,193,"",0.969,24.2,23.4,0.221,8,3,5,208.4,23.3
2026-04-12,22501190,NYK,CHA,true,SF,1,Josh Hart,194,Out,0.0,31.6,0.0,0.212,4,15,,179.1,5.3
2026-04-12,22501190,NYK,CHA,true,SF,2,Pacôme Dadiet,204,"",0.605,19.0,11.5,0.19,15,10,5,207.3,33.5
2026-04-12,22501190,NYK,CHA,true,SF,3,Kevin McCullar Jr.,198,"",0.378,14.4,5.5,0.142,17,11,6,205.3,31.4
2026-04-12,22501190,NYK,CHA,true,PF,1,OG Anunoby,200,Out,0.0,33.4,0.0,0.23,2,18,,176.3,10.3
2026-04-12,22501190,NYK,CHA,true,PF,2,Mohamed Diawara,205,"",0.779,26.0,20.2,0.193,10,5,5,206.5,40.6
2026-04-12,22501190,NYK,CHA,true,PF,3,Jeremy Sochan,203,"",0.552,21.8,12.1,0.161,14,7,7,205.6,39.6
2026-04-12,22501190,NYK,CHA,true,PF,4,Dillon Jones,195,"",0.386,14.8,5.7,0.128,16,9,7,204.3,38.4
2026-04-12,22501190,NYK,CHA,true,C,1,Karl-Anthony Towns,213,Out,0.0,30.7,0.0,0.272,5,16,,179.5,26.1
2026-04-12,22501190,NYK,CHA,true,C,2,Mitchell Robinson,213,Out,0.006,20.9,0.1,0.11,7,12,,189.7,36.3
2026-04-12,22501190,NYK,CHA,true,C,3,Ariel Hukporti,212,"",0.676,25.3,17.1,0.15,13,6,7,206.2,52.7
2026-04-12,22501190,NYK,CHA,true,C,4,Trey Jemison III,208,"",0.443,16.7,7.4,0.119,18,8,10,204.8,51.4
2026-04-12,22501196,OKC,PHX,true,PG,1,Shai Gilgeous-Alexander,198,Out,0.0,33.4,0.0,0.32,1,12,,189.6,69.7
2026-04-12,22501196,OKC,PHX,true,PG,2,Ajay Mitchell,194,Out,0.0,28.6,0.0,0.238,6,17,,197.3,77.3
2026-04-12,22501196,OKC,PHX,true,PG,3,Alex Caruso,195,Out,0.0,22.5,0.0,0.156,11,11,,204.5,84.6
2026-04-12,22501196,OKC,PHX,true,PG,4,Jalen Williams,195,Out,0.0,29.7,0.0,0.236,12,15,,194.5,74.5
2026-04-12,22501196,OKC,PHX,true,PG,5,Nikola Topić,198,"",0.883,26.5,23.4,0.211,14,4,10,219.8,99.8
2026-04-12,22501196,OKC,PHX,true,SG,1,Cason Wallace,190,Out,0.0,26.6,0.0,0.174,2,16,,197.4,24.1
2026-04-12,22501196,OKC,PHX,true,SG,2,Isaiah Joe,191,Out,0.0,22.4,0.0,0.224,5,13,,202.1,28.8
2026-04-12,22501196,OKC,PHX,true,SG,3,Jared McCain,190,"",0.969,27.6,26.8,0.243,8,3,5,220.9,47.6
2026-04-12,22501196,OKC,PHX,true,SG,4,Brooks Barnhizer,195,"",0.779,24.1,18.8,0.134,16,8,8,219.4,46.0
2026-04-12,22501196,OKC,PHX,true,SG,5,Payton Sandfort,,"",0.818,24.8,20.3,0.235,17,6,11,219.2,45.9
2026-04-12,22501196,OKC,PHX,true,SF,1,Luguentz Dort,193,"",0.993,25.9,25.7,0.183,4,1,3,221.3,0.7
2026-04-12,22501196,OKC,PHX,true,SF,2,Aaron Wiggins,195,"",0.958,24.1,23.1,0.233,9,2,7,220.7,0.2
2026-04-12,22501196,OKC,PHX,true,PF,1,Jaylin Williams,205,Out,0.0,21.5,0.0,0.142,7,10,,203.5,1.7
2026-04-12,22501196,OKC,PHX,true,PF,2,Kenrich Williams,199,"",0.87,23.1,20.1,0.227,13,5,8,219.7,17.9
2026-04-12,22501196,OKC,PHX,true,PF,3,Thomas Sorber,205,Out,0.0,13.2,0.0,0.124,18,18,,221.4,19.6
2026-04-12,22501196,OKC,PHX,true,C,1,Chet Holmgren,215,Out,0.0,26.9,0.0,0.234,3,14,,194.2,24.1
2026-04-12,22501196,OKC,PHX,true,C,2,Isaiah Hartenstein,213,Out,0.0,19.2,0.0,0.148,10,9,,200.5,30.4
2026-04-12,22501196,OKC,PHX,true,C,3,Branden Carlson,213,"",0.714,24.5,17.5,0.201,15,7,8,218.2,48.2
2026-04-12,22501186,ORL,BOS,false,PG,1,Desmond Bane,196,"",0.993,29.4,29.2,0.212,2,2,0,35.0,0.8
2026-04-12,22501186,ORL,BOS,false,PG,2,Jalen Suggs,195,"",0.985,28.3,27.9,0.209,5,3,2,34.8,0.6
2026-04-12,22501186,ORL,BOS,false,PG,3,Anthony Black,200,"",0.985,22.0,21.7,0.218,10,6,4,34.8,0.6
2026-04-12,22501186,ORL,BOS,false,SG,1,Jevon Carter,184,"",0.985,14.3,14.1,0.155,6,8,-2,35.0,3.1
2026-04-12,22501186,ORL,BOS,false,SG,2,Jase Richardson,185,"",0.655,4.2,2.7,0.184,14,13,1,32.2,0.3
2026-04-12,22501186,ORL,BOS,false,SF,1,Jamal Cain,199,"",0.969,14.4,13.9,0.158,7,9,-2,34.7,8.3
2026-04-12,22501186,ORL,BOS,false,SF,2,Jett Howard,200,Questionable,0.605,5.7,3.5,0.156,9,11,-2,29.9,3.5
2026-04-12,22501186,ORL,BOS,false,SF,3,Alex Morales,,"",0.443,5.2,2.3,0.146,16,17,-1,32.3,5.8
2026-04-12,22501186,ORL,BOS,false,PF,1,Paolo Banchero,208,"",0.995,33.6,33.5,0.254,1,1,0,35.1,3.6
2026-04-12,22501186,ORL,BOS,false,PF,2,Tristan da Silva,203,"",0.998,23.0,22.9,0.15,4,5,-1,35.2,3.7
2026-04-12,22501186,ORL,BOS,false,PF,3,Franz Wagner,208,"",0.971,22.9,22.2,0.263,11,7,4,34.5,3.1
2026-04-12,22501186,ORL,BOS,false,PF,4,Noah Penda,200,"",0.714,5.1,3.6,0.133,12,12,0,32.4,0.9
2026-04-12,22501186,ORL,BOS,false,C,1,Wendell Carter Jr.,208,Available,0.995,25.0,24.9,0.149,3,4,-1,35.1,18.2
2026-04-12,22501186,ORL,BOS,false,C,2,Goga Bitadze,209,"",0.959,13.0,12.5,0.148,8,10,-2,34.6,17.7
2026-04-12,22501186,ORL,BOS,false,C,3,Moritz Wagner,210,"",0.552,5.8,3.2,0.186,13,14,-1,30.7,13.8
2026-04-12,22501186,ORL,BOS,false,C,4,Jonathan Isaac,208,Questionable,0.482,7.1,3.4,0.098,15,16,-1,30.6,13.7
2026-04-12,22501186,ORL,BOS,false,C,5,Colin Castleton,208,"",0.378,4.9,1.9,0.119,17,15,2,26.8,9.9
2026-04-12,22501191,PHI,MIL,true,PG,1,VJ Edgecombe,193,"",0.993,34.1,33.9,0.204,1,2,-1,88.2,14.1
2026-04-12,22501191,PHI,MIL,true,PG,2,Tyrese Maxey,187,Available,0.985,36.0,35.5,0.281,2,1,1,87.9,13.8
2026-04-12,22501191,PHI,MIL,true,PG,3,Cameron Payne,189,"",0.676,9.8,6.6,0.161,11,10,1,83.1,9.0
2026-04-12,22501191,PHI,MIL,true,PG,4,Kyle Lowry,182,"",0.263,5.7,1.5,0.154,17,16,1,80.2,6.1
2026-04-12,22501191,PHI,MIL,true,SG,1,Quentin Grimes,193,"",0.995,23.6,23.5,0.189,3,5,-2,88.3,15.5
2026-04-12,22501191,PHI,MIL,true,SG,2,Dalen Terry,199,"",0.386,6.9,2.6,0.143,15,14,1,80.8,8.0
2026-04-12,22501191,PHI,MIL,true,SG,3,Tyrese Martin,198,"",0.378,5.4,2.0,0.199,16,15,1,80.6,7.8
2026-04-12,22501191,PHI,MIL,true,SF,1,Kelly Oubre Jr.,203,"",0.985,29.1,28.7,0.179,5,4,1,88.0,7.1
2026-04-12,22501191,PHI,MIL,true,SF,2,Paul George,203,"",0.993,32.4,32.2,0.227,6,3,3,88.2,7.4
2026-04-12,22501191,PHI,MIL,true,SF,3,Justin Edwards,200,"",0.88,12.1,10.6,0.152,9,9,0,86.6,5.7
2026-04-12,22501191,PHI,MIL,true,SF,4,MarJon Beauchamp,200,"",0.52,6.0,3.1,0.196,13,13,0,83.4,2.6
2026-04-12,22501191,PHI,MIL,true,PF,1,Dominick Barlow,204,"",0.995,18.7,18.7,0.112,4,6,-2,88.4,16.5
2026-04-12,22501191,PHI,MIL,true,PF,2,Trendon Watford,203,"",0.552,7.9,4.4,0.166,12,11,1,81.5,9.7
2026-04-12,22501191,PHI,MIL,true,PF,3,Jabari Walker,200,"",0.559,5.3,3.0,0.138,14,12,2,84.1,12.3
2026-04-12,22501191,PHI,MIL,true,PF,4,Johni Broome,208,Out,0.0,3.4,0.0,0.076,18,18,,83.2,11.4
2026-04-12,22501191,PHI,MIL,true,C,1,Adem Bona,208,"",0.947,18.5,17.5,0.118,7,8,-1,87.5,33.3
2026-04-12,22501191,PHI,MIL,true,C,2,Andre Drummond,210,"",0.982,20.7,20.4,0.152,8,7,1,88.1,33.9
2026-04-12,22501191,PHI,MIL,true,C,3,Joel Embiid,213,Out,0.0,28.2,0.0,0.366,10,17,,55.5,1.3
2026-04-12,22501196,PHX,OKC,false,PG,1,Devin Booker,196,Out,0.0,35.4,0.0,0.332,1,18,,148.8,40.9
2026-04-12,22501196,PHX,OKC,false,PG,2,Collin Gillespie,185,Questionable,0.482,30.5,14.7,0.202,2,7,-5,168.6,60.7
2026-04-12,22501196,PHX,OKC,false,PG,3,Grayson Allen,191,Out,0.003,27.9,0.1,0.253,7,15,,157.4,49.5
2026-04-12,22501196,PHX,OKC,false,PG,4,Koby Brea,195,"",0.559,20.0,11.2,0.173,16,13,3,180.3,72.4
2026-04-12,22501196,PHX,OKC,false,SG,1,Jalen Green,193,Questionable,0.655,27.7,18.1,0.313,4,2,2,173.2,12.9
2026-04-12,22501196,PHX,OKC,false,SG,2,Jordan Goodwin,191,Questionable,0.559,22.6,12.6,0.198,6,8,-2,172.4,12.2
2026-04-12,22501196,PHX,OKC,false,SG,3,Jamaree Bouyea,187,"",0.714,24.7,17.7,0.206,13,11,2,179.4,19.2
2026-04-12,22501196,PHX,OKC,false,SF,1,Dillon Brooks,199,Out,0.0,31.1,0.0,0.323,8,16,,153.9,15.8
2026-04-12,22501196,PHX,OKC,false,SF,2,Amir Coffey,200,"",0.698,25.6,17.9,0.133,14,10,4,179.0,40.9
2026-04-12,22501196,PHX,OKC,false,SF,3,Isaiah Livers,198,"",0.552,20.1,11.1,0.117,15,12,3,178.6,40.6
2026-04-12,22501196,PHX,OKC,false,SF,4,Haywood Highsmith,195,Questionable,0.605,22.2,13.4,0.119,17,5,12,173.8,35.7
2026-04-12,22501196,PHX,OKC,false,PF,1,Royce O'Neale,198,Out,0.0,25.1,0.0,0.204,5,17,,157.8,5.7
2026-04-12,22501196,PHX,OKC,false,PF,2,Rasheer Fleming,205,"",0.883,25.9,22.8,0.182,9,4,5,180.6,28.5
2026-04-12,22501196,PHX,OKC,false,PF,3,Ryan Dunn,201,"",0.883,26.3,23.2,0.146,10,3,7,180.4,28.3
2026-04-12,22501196,PHX,OKC,false,PF,4,CJ Huntley,205,"",0.443,12.3,5.5,0.175,18,14,4,180.5,28.5
2026-04-12,22501196,PHX,OKC,false,C,1,Oso Ighodaro,212,"",0.998,26.6,26.5,0.157,3,1,2,182.3,11.0
2026-04-12,22501196,PHX,OKC,false,C,2,Mark Williams,214,Questionable,0.591,23.1,13.6,0.193,11,6,5,173.3,2.0
2026-04-12,22501196,PHX,OKC,false,C,3,Khaman Maluach,215,"",0.821,21.7,17.8,0.156,12,9,3,180.5,9.1
2026-04-12,22501200,POR,SAC,true,PG,1,Jrue Holiday,193,"",1.0,29.7,29.7,0.221,2,3,-1,104.0,35.1
2026-04-12,22501200,POR,SAC,true,PG,2,Scoot Henderson,190,"",0.993,26.0,25.8,0.248,5,6,-1,103.8,34.9
2026-04-12,22501200,POR,SAC,true,PG,3,Damian Lillard,187,Out,0.0,25.1,0.0,0.279,18,17,,69.0,0.2
2026-04-12,22501200,POR,SAC,true,SG,1,Blake Wesley,191,"",0.655,7.0,4.6,0.2,12,12,0,100.5,13.1
2026-04-12,22501200,POR,SAC,true,SG,2,Shaedon Sharpe,195,"",0.95,18.6,17.7,0.277,13,4,9,102.5,15.1
2026-04-12,22501200,POR,SAC,true,SG,3,Caleb Love,190,"",0.378,5.4,2.0,0.259,14,11,3,92.3,4.8
2026-04-12,22501200,POR,SAC,true,SF,1,Deni Avdija,204,"",0.985,32.9,32.4,0.287,3,2,1,103.5,32.8
2026-04-12,22501200,POR,SAC,true,SF,2,Jerami Grant,200,Out,0.0,25.2,0.0,0.235,8,18,,74.0,3.3
2026-04-12,22501200,POR,SAC,true,SF,3,Sidy Cissoko,198,"",0.969,9.6,9.3,0.139,10,10,0,103.6,32.8
2026-04-12,22501200,POR,SAC,true,SF,4,Chris Youngblood,193,"",0.559,4.8,2.7,0.153,17,15,2,101.6,30.8
2026-04-12,22501200,POR,SAC,true,PF,1,Toumani Camara,200,"",0.995,29.7,29.6,0.168,1,1,0,103.8,16.1
2026-04-12,22501200,POR,SAC,true,PF,2,Matisse Thybulle,195,Probable,0.962,17.9,17.2,0.145,6,8,-2,103.2,15.5
2026-04-12,22501200,POR,SAC,true,PF,3,Kris Murray,203,"",0.985,17.7,17.5,0.107,7,7,0,103.7,15.9
2026-04-12,22501200,POR,SAC,true,PF,4,Vít Krejčí,203,Questionable,0.337,9.4,3.2,0.141,11,13,-2,91.6,3.8
2026-04-12,22501200,POR,SAC,true,PF,5,Jayson Kent,,"",0.443,6.1,2.7,0.15,16,16,0,101.3,13.6
2026-04-12,22501200,POR,SAC,true,C,1,Donovan Clingan,218,"",1.0,24.9,24.9,0.185,4,5,-1,104.0,2.9
2026-04-12,22501200,POR,SAC,true,C,2,Robert Williams III,205,"",0.969,15.6,15.1,0.137,9,9,0,103.4,2.3
2026-04-12,22501200,POR,SAC,true,C,3,Hansen Yang,215,"",0.605,5.2,3.1,0.214,15,14,1,101.7,0.5
2026-04-12,22501200,SAC,POR,false,PG,1,DeMar DeRozan,198,Out,0.0,26.0,0.0,0.213,5,11,,194.9,49.6
2026-04-12,22501200,SAC,POR,false,PG,2,Killian Hayes,194,"",0.959,20.0,19.1,0.178,8,8,0,221.8,76.5
2026-04-12,22501200,SAC,POR,false,PG,3,Malik Monk,190,Out,0.0,19.4,0.0,0.206,10,12,,201.9,56.6
2026-04-12,22501200,SAC,POR,false,PG,4,Russell Westbrook,193,Out,0.0,23.5,0.0,0.232,12,13,,194.3,49.1
2026-04-12,22501200,SAC,POR,false,SG,1,Nique Clifford,195,"",0.985,34.2,33.6,0.2,2,1,1,222.1,38.0
2026-04-12,22501200,SAC,POR,false,SG,2,Devin Carter,187,"",0.969,28.7,27.8,0.21,7,6,1,221.9,37.8
2026-04-12,22501200,SAC,POR,false,SG,3,Zach LaVine,195,Out,0.0,17.9,0.0,0.267,15,14,,193.8,9.7
2026-04-12,22501200,SAC,POR,false,SG,4,Isaiah Stevens,181,Out,0.0,9.8,0.0,0.153,19,19,,214.0,29.9
2026-04-12,22501200,SAC,POR,false,SF,1,Daeqwon Plowden,195,"",0.969,30.3,29.4,0.178,4,3,1,221.7,2.2
2026-04-12,22501200,SAC,POR,false,SF,2,DaQuan Jeffries,195,"",0.95,24.4,23.2,0.133,6,5,1,221.4,1.9
2026-04-12,22501200,SAC,POR,false,SF,3,Doug McDermott,199,"",0.937,18.2,17.0,0.156,11,9,2,221.6,2.1
2026-04-12,22501200,SAC,POR,false,PF,1,Precious Achiuwa,203,"",0.969,29.2,28.2,0.209,3,4,-1,221.7,61.6
2026-04-12,22501200,SAC,POR,false,PF,2,Patrick Baldwin Jr.,209,"",0.317,14.1,4.5,0.169,13,10,3,216.2,56.1
2026-04-12,22501200,SAC,POR,false,PF,3,De'Andre Hunter,201,Out,0.0,19.3,0.0,0.238,16,17,,199.2,39.1
2026-04-12,22501200,SAC,POR,false,PF,4,Keegan Murray,203,Out,0.0,24.6,0.0,0.188,17,18,,190.7,30.6
2026-04-12,22501200,SAC,POR,false,C,1,Maxime Raynaud,215,"",0.985,32.3,31.9,0.216,1,2,-1,222.1,40.8
2026-04-12,22501200,SAC,POR,false,C,2,Dylan Cardwell,208,"",0.969,22.8,22.1,0.117,9,7,2,221.9,40.6
2026-04-12,22501200,SAC,POR,false,C,3,Drew Eubanks,208,Out,0.0,13.0,0.0,0.209,14,16,,211.2,29.9
2026-04-12,22501200,SAC,POR,false,C,4,Domantas Sabonis,208,Out,0.0,17.9,0.0,0.248,18,15,,193.7,12.4
2026-04-12,22501197,SAS,DEN,true,PG,1,De'Aaron Fox,190,"",0.985,31.0,30.5,0.245,1,1,0,95.9,21.9
2026-04-12,22501197,SAS,DEN,true,PG,2,Stephon Castle,198,Questionable,0.552,31.0,17.1,0.239,5,7,-2,82.9,8.9
2026-04-12,22501197,SAS,DEN,true,PG,3,Dylan Harper,195,"",0.995,28.3,28.2,0.203,7,3,4,96.3,22.3
2026-04-12,22501197,SAS,DEN,true,PG,4,Jordan McLaughlin,181,"",0.676,11.5,7.8,0.129,11,10,1,94.2,20.2
2026-04-12,22501197,SAS,DEN,true,PG,5,David Jones Garcia,193,Out,0.0,4.9,0.0,0.147,18,18,,90.2,16.2
2026-04-12,22501197,SAS,DEN,true,SG,1,Devin Vassell,195,Questionable,0.378,29.3,11.1,0.168,3,9,-6,78.1,10.0
2026-04-12,22501197,SAS,DEN,true,SG,2,Lindy Waters III,196,"",0.552,10.4,5.7,0.148,12,11,1,93.0,24.9
2026-04-12,22501197,SAS,DEN,true,SG,3,Harrison Ingram,195,"",0.52,7.4,3.8,0.135,16,15,1,94.5,26.4
2026-04-12,22501197,SAS,DEN,true,SG,4,Emanuel Miller,198,Out,0.0,4.2,0.0,0.155,17,17,,91.6,23.5
2026-04-12,22501197,SAS,DEN,true,SF,1,Keldon Johnson,196,"",1.0,26.3,26.3,0.242,6,4,2,96.4,0.2
2026-04-12,22501197,SAS,DEN,true,SF,2,Carter Bryant,198,"",0.985,21.1,20.8,0.133,10,8,2,96.2,0.0
2026-04-12,22501197,SAS,DEN,true,PF,1,Julian Champagnie,200,"",0.998,29.2,29.2,0.165,2,2,0,96.3,4.8
2026-04-12,22501197,SAS,DEN,true,PF,2,Harrison Barnes,201,"",1.0,25.2,25.2,0.138,8,5,3,96.4,4.8
2026-04-12,22501197,SAS,DEN,true,PF,3,Kelly Olynyk,212,"",0.337,7.0,2.4,0.192,13,14,-1,91.6,0.1
2026-04-12,22501197,SAS,DEN,true,C,1,Victor Wembanyama,222,Questionable,0.655,28.8,18.9,0.313,4,6,-2,86.6,31.0
2026-04-12,22501197,SAS,DEN,true,C,2,Luke Kornet,215,Out,0.0,18.8,0.0,0.115,9,16,,77.5,21.8
2026-04-12,22501197,SAS,DEN,true,C,3,Bismack Biyombo,203,"",0.378,7.4,2.8,0.101,14,12,2,91.6,35.9
2026-04-12,22501197,SAS,DEN,true,C,4,Mason Plumlee,207,"",0.263,7.2,1.9,0.122,15,13,2,89.1,33.4
2026-04-12,22501192,TOR,BKN,true,PG,1,Jamal Shead,185,"",1.0,24.4,24.4,0.151,4,4,0,52.4,16.9
2026-04-12,22501192,TOR,BKN,true,PG,2,Immanuel Quickley,187,"",0.779,26.5,20.6,0.191,8,6,2,45.9,10.3
2026-04-12,22501192,TOR,BKN,true,PG,3,Markelle Fultz,193,"",0.52,5.5,2.9,0.176,12,14,-2,48.2,12.6
2026-04-12,22501192,TOR,BKN,true,PG,4,Chucky Hepburn,182,Out,0.0,2.9,0.0,0.136,18,18,,46.3,10.8
2026-04-12,22501192,TOR,BKN,true,SG,1,Ja'Kobe Walter,194,"",1.0,24.5,24.5,0.136,5,3,2,52.4,6.7
2026-04-12,22501192,TOR,BKN,true,SG,2,Gradey Dick,199,"",0.886,8.5,7.5,0.202,10,11,-1,51.3,5.5
2026-04-12,22501192,TOR,BKN,true,SG,3,Alijah Martin,187,"",0.559,5.3,3.0,0.162,15,15,0,50.0,4.2
2026-04-12,22501192,TOR,BKN,true,SG,4,Garrett Temple,195,"",0.263,3.3,0.9,0.131,17,17,0,49.3,3.5
2026-04-12,22501192,TOR,BKN,true,SF,1,RJ Barrett,198,Questionable,0.676,30.7,20.7,0.253,3,8,-5,42.4,3.5
2026-04-12,22501192,TOR,BKN,true,SF,2,A.J. Lawson,198,"",0.883,11.2,9.9,0.166,11,10,1,51.1,12.1
2026-04-12,22501192,TOR,BKN,true,SF,3,Jamison Battle,200,"",0.714,5.0,3.6,0.175,13,12,1,50.3,11.3
2026-04-12,22501192,TOR,BKN,true,PF,1,Scottie Barnes,201,"",0.995,29.4,29.3,0.219,1,2,-1,52.3,7.8
2026-04-12,22501192,TOR,BKN,true,PF,2,Brandon Ingram,203,"",0.995,31.5,31.3,0.247,2,1,1,52.3,7.8
2026-04-12,22501192,TOR,BKN,true,PF,3,Collin Murray-Boyles,200,Questionable,0.655,19.5,12.8,0.151,9,9,0,44.8,0.3
2026-04-12,22501192,TOR,BKN,true,C,1,Sandro Mamukelashvili,205,"",0.998,20.7,20.6,0.199,6,7,-1,52.4,7.4
2026-04-12,22501192,TOR,BKN,true,C,2,Jakob Poeltl,213,"",0.985,23.5,23.2,0.161,7,5,2,52.1,7.1
2026-04-12,22501192,TOR,BKN,true,C,3,Jonathan Mogbo,205,"",0.655,5.6,3.7,0.162,14,13,1,49.7,4.7
2026-04-12,22501192,TOR,BKN,true,C,4,Trayce Jackson-Davis,205,Questionable,0.263,4.6,1.2,0.178,16,16,0,48.1,3.1
2026-04-12,22501198,UTA,LAL,false,PG,1,Kennedy Chandler,181,"",0.993,31.1,30.9,0.181,7,6,1,251.4,57.0
2026-04-12,22501198,UTA,LAL,false,PG,2,Isaiah Collier,191,Out,0.0,25.4,0.0,0.253,10,17,,224.2,29.7
2026-04-12,22501198,UTA,LAL,false,PG,3,Keyonte George,193,Out,0.0,24.9,0.0,0.291,12,16,,222.0,27.6
2026-04-12,22501198,UTA,LAL,false,SG,1,Bez Mbeng,,"",0.976,33.9,33.1,0.124,2,2,0,250.8,26.6
2026-04-12,22501198,UTA,LAL,false,SG,2,Brice Sensabaugh,196,"",0.937,28.9,27.0,0.273,5,4,1,249.7,25.5
2026-04-12,22501198,UTA,LAL,false,SG,3,Elijah Harkless,190,Out,0.0,25.0,0.0,0.16,9,11,,226.8,2.6
2026-04-12,22501198,UTA,LAL,false,SF,1,Cody Williams,201,"",0.993,32.1,31.9,0.2,1,1,0,251.3,10.5
2026-04-12,22501198,UTA,LAL,false,SF,2,Ace Bailey,205,"",0.995,32.6,32.4,0.252,3,3,0,251.4,10.6
2026-04-12,22501198,UTA,LAL,false,SF,3,John Konchar,195,"",0.993,28.9,28.7,0.103,4,5,-1,251.4,10.6
2026-04-12,22501198,UTA,LAL,false,SF,4,Svi Mykhailiuk,200,"",0.482,14.4,6.9,0.19,13,9,4,241.4,0.5
2026-04-12,22501198,UTA,LAL,false,PF,1,Blake Hinson,203,"",0.969,20.3,19.6,0.209,11,7,4,250.9,73.4
2026-04-12,22501198,UTA,LAL,false,PF,2,Jaren Jackson Jr.,208,Out,0.0,21.8,0.0,0.281,14,14,,222.0,44.5
2026-04-12,22501198,UTA,LAL,false,PF,3,Kevin Love,205,"",0.168,17.5,2.9,0.154,15,10,5,238.9,61.4
2026-04-12,22501198,UTA,LAL,false,PF,4,Lauri Markkanen,214,Out,0.0,23.7,0.0,0.273,16,13,,220.3,42.8
2026-04-12,22501198,UTA,LAL,false,C,1,Kyle Filipowski,210,Out,0.0,27.2,0.0,0.249,6,18,,225.9,56.6
2026-04-12,22501198,UTA,LAL,false,C,2,Oscar Tshiebwe,203,"",0.985,25.1,24.7,0.183,8,8,0,251.3,82.0
2026-04-12,22501198,UTA,LAL,false,C,3,Jusuf Nurkic,212,Out,0.0,20.3,0.0,0.182,17,12,,224.5,55.2
2026-04-12,22501198,UTA,LAL,false,C,4,Walker Kessler,215,Out,0.0,19.7,0.0,0.144,18,15,,222.3,53.0
2026-04-12,22501187,WAS,CLE,false,PG,1,Sharife Cooper,184,"",0.985,24.1,23.7,0.195,8,6,2,216.0,44.7
2026-04-12,22501187,WAS,CLE,false,PG,2,Trae Young,186,Out,0.0,19.1,0.0,0.292,15,14,,188.9,17.7
2026-04-12,22501187,WAS,CLE,false,PG,3,D'Angelo Russell,190,Out,0.0,8.5,0.0,0.245,17,17,,198.8,27.6
2026-04-12,22501187,WAS,CLE,false,SG,1,Bub Carrington,193,"",0.995,27.3,27.2,0.222,2,3,-1,216.1,32.1
2026-04-12,22501187,WAS,CLE,false,SG,2,Jaden Hardy,190,"",0.552,19.3,10.7,0.265,10,10,0,207.4,23.5
2026-04-12,22501187,WAS,CLE,false,SG,3,Tre Johnson,195,Out,0.003,22.7,0.1,0.254,11,11,,192.9,8.9
2026-04-12,22501187,WAS,CLE,false,SF,1,Will Riley,205,"",1.0,34.5,34.5,0.244,1,2,-1,216.2,65.6
2026-04-12,22501187,WAS,CLE,false,SF,2,Bilal Coulibaly,201,Out,0.0,28.0,0.0,0.24,7,15,,191.3,40.7
2026-04-12,22501187,WAS,CLE,false,SF,3,Kyshawn George,203,Out,0.0,19.5,0.0,0.229,14,16,,191.8,41.2
2026-04-12,22501187,WAS,CLE,false,SF,4,Cam Whitmore,199,Out,0.0,11.7,0.0,0.236,18,18,,200.0,49.4
2026-04-12,22501187,WAS,CLE,false,PF,1,Anthony Gill,201,Questionable,0.52,27.5,14.3,0.149,3,9,-6,203.8,5.3
2026-04-12,22501187,WAS,CLE,false,PF,2,Jamir Watkins,198,"",0.993,27.2,27.0,0.177,4,5,-1,216.1,17.6
2026-04-12,22501187,WAS,CLE,false,PF,3,Leaky Black,198,"",0.985,29.5,29.1,0.129,6,4,2,215.9,17.4
2026-04-12,22501187,WAS,CLE,false,PF,4,Justin Champagnie,198,"",0.779,19.6,15.3,0.201,9,7,2,211.5,13.0
2026-04-12,22501187,WAS,CLE,false,C,1,Julian Reese,,"",0.993,34.3,34.1,0.179,5,1,4,216.0,55.4
2026-04-12,22501187,WAS,CLE,false,C,2,Alex Sarr,213,"",0.655,20.5,13.4,0.265,12,8,4,207.8,47.2
2026-04-12,22501187,WAS,CLE,false,C,3,Tristan Vukcevic,210,Out,0.003,16.7,0.0,0.265,13,12,,200.7,40.1
2026-04-12,22501187,WAS,CLE,false,C,4,Anthony Davis,208,Out,0.0,23.7,0.0,0.28,16,13,,184.8,24.2
