player_name,season,start_date,team_slug_start,region,ailment,hope,pred_games,pred_games_neutral,discretion_games,discretion_days,games_missed,days_out,event
Zion Williamson,2025-26,2026-04-10,NOP,knee,management,0.0,41.5,14.4,27.1,61.8,2,3,0
Tim Hardaway Jr.,2022-23,2023-04-07,DAL,ankle,soreness,0.13,37.5,10.6,26.9,61.4,2,3,0
Anthony Davis,2021-22,2022-04-06,LAL,foot,sprain,0.0,43.0,16.4,26.6,60.8,3,4,0
Russell Westbrook,2021-22,2022-04-06,LAL,shoulder,soreness,0.0,36.3,11.5,24.8,56.7,3,4,0
Deandre Ayton,2023-24,2024-04-14,POR,back_core,soreness,0.0,36.3,11.5,24.8,56.8,1,1,0
P.J. Washington,2025-26,2026-04-10,DAL,elbow_arm,sprain,0.0,36.2,11.4,24.8,56.5,2,3,0
Quentin Grimes,2024-25,2025-04-11,PHI,shoulder,sprain,0.0,39.1,14.7,24.4,55.6,1,1,0
Devin Booker,2024-25,2025-04-13,PHX,lower_leg,soreness,0.0,32.9,8.6,24.3,55.6,1,1,0
Kyrie Irving,2022-23,2023-04-07,DAL,foot,recovery,0.13,37.3,13.5,23.8,54.3,2,3,0
Bruce Brown,2024-25,2025-04-10,NOP,knee,soreness,0.0,40.2,16.5,23.6,54.0,3,4,0
Mark Williams,2024-25,2025-04-13,CHA,foot,management,0.0,37.4,14.2,23.2,53.0,1,1,0
Ryan Rollins,2025-26,2026-04-12,MIL,hand_wrist,sprain,0.0,34.7,11.7,23.0,52.6,1,1,0
Dennis Schröder,2023-24,2024-04-12,BKN,achilles,soreness,0.0,31.7,8.8,22.9,52.4,2,3,0
RJ Barrett,2021-22,2022-04-09,NYK,knee,sprain,0.0,39.2,16.5,22.7,51.9,1,1,0
Gary Trent Jr.,2025-26,2026-04-10,MIL,back_core,strain,0.0,39.8,17.2,22.6,51.7,2,3,0
Doug McDermott,2022-23,2023-04-06,SAS,ankle,sprain,0.0,41.2,18.7,22.5,51.2,3,4,0
Shaedon Sharpe,2024-25,2025-04-11,POR,knee,soreness,0.0,34.8,12.6,22.2,50.6,2,3,0
P.J. Washington,2022-23,2023-04-02,CHA,foot,sprain,0.0,39.8,17.8,22.0,50.2,4,8,0
Jose Alvarado,2024-25,2025-04-10,NOP,lower_leg,soreness,0.0,37.0,15.1,21.9,50.0,1,1,0
Kyle Kuzma,2025-26,2026-04-12,MIL,achilles,tendinopathy,0.0,38.3,16.7,21.7,49.5,1,1,0
Deni Avdija,2024-25,2025-04-06,POR,hand_wrist,sprain,0.0,31.7,10.0,21.6,49.4,4,8,0
Kelly Olynyk,2024-25,2025-04-10,NOP,achilles,tendinopathy,0.0,42.8,21.2,21.6,49.4,3,4,0
RJ Barrett,2023-24,2024-04-14,TOR,knee,soreness,0.0,32.0,10.4,21.5,49.3,1,1,0
Yves Missi,2025-26,2026-04-10,NOP,hand_wrist,sprain,0.0,38.5,17.0,21.5,49.1,2,3,0
Ziaire Williams,2024-25,2025-04-11,BKN,knee_ligament,tendinopathy,0.0,47.0,25.7,21.4,48.6,2,3,0
Isaac Okoro,2025-26,2026-04-09,CHI,quad,contusion,0.0,30.3,9.8,20.6,47.0,3,4,0
Cole Anthony,2021-22,2022-04-04,ORL,foot,sprain,0.0,41.4,20.8,20.5,46.9,3,6,0
Keldon Johnson,2022-23,2023-04-08,SAS,foot,sprain,0.0,29.6,9.4,20.2,46.1,2,2,0
Kristaps Porziņģis,2021-22,2022-04-07,WAS,knee,management,0.0,32.8,12.9,19.9,45.4,2,3,0
Lauri Markkanen,2022-23,2023-04-04,UTA,hand_wrist,contusion,0.06,28.5,8.6,19.9,45.3,4,6,0
Immanuel Quickley,2023-24,2024-04-14,TOR,hip_groin,strain,0.0,30.6,10.7,19.9,45.5,1,1,0
Brandon Clarke,2023-24,2024-04-10,MEM,hand_wrist,contusion,0.0,31.2,11.4,19.8,45.2,3,5,0
GG Jackson,2025-26,2026-04-08,MEM,knee,soreness,0.0,36.0,16.5,19.6,44.7,3,5,0
Gary Harris,2022-23,2023-04-07,ORL,hip_groin,soreness,0.0,30.3,10.7,19.5,44.6,1,1,0
Miles Bridges,2024-25,2025-04-09,CHA,hip_groin,soreness,0.0,26.8,7.3,19.5,44.6,3,5,0
Devin Vassell,2024-25,2025-04-11,SAS,ankle,soreness,0.0,31.6,12.1,19.5,44.5,2,3,0
Cameron Johnson,2023-24,2024-04-12,BKN,foot,sprain,0.0,33.4,14.1,19.3,44.0,2,3,0
Devonte' Graham,2022-23,2023-04-06,SAS,hip_groin,strain,0.0,29.6,10.4,19.2,43.8,3,4,0
Nick Richards,2024-25,2025-04-09,PHX,elbow_arm,tendinopathy,0.0,32.7,13.9,18.8,42.9,3,5,0
Brandon Miller,2023-24,2024-04-14,CHA,hand_wrist,sprain,0.0,31.6,12.9,18.7,42.9,1,1,0
Kevin Porter Jr.,2022-23,2023-04-09,HOU,knee,soreness,0.0,29.2,10.7,18.5,42.3,1,1,0
Kevin Durant,2024-25,2025-04-01,PHX,ankle,sprain,0.26,26.7,8.2,18.5,41.8,7,13,0
Wendell Carter Jr.,2021-22,2022-03-29,ORL,hand_wrist,sprain,0.0,34.9,16.7,18.2,41.5,6,12,0
Guerschon Yabusele,2025-26,2026-04-12,CHI,shoulder,sprain,0.0,33.7,15.8,17.8,40.8,1,1,0
Jordan Poole,2024-25,2025-04-09,WAS,elbow_arm,contusion,0.0,26.4,8.8,17.7,40.4,3,5,0
Taylor Hendricks,2025-26,2026-04-10,MEM,hand_wrist,sprain,0.0,33.9,16.2,17.7,40.4,2,3,0
Kyle Kuzma,2023-24,2024-04-05,WAS,ankle,sprain,0.0,26.4,8.8,17.6,40.4,5,10,0
Devin Vassell,2023-24,2024-04-02,SAS,foot,fracture,0.0,47.0,29.5,17.5,39.7,7,13,0
Jerami Grant,2021-22,2022-03-26,DET,lower_leg,strain,0.0,36.2,18.8,17.3,39.6,8,15,0
Gordon Hayward,2022-23,2023-03-28,CHA,hand_wrist,sprain,0.0,23.9,6.6,17.3,39.6,6,13,0
Keldon Johnson,2024-25,2025-04-11,SAS,ankle,soreness,0.0,26.3,9.2,17.1,39.0,1,1,0
DeMar DeRozan,2025-26,2026-04-07,SAC,hamstring,soreness,0.0,23.6,6.5,17.1,39.1,3,6,0
Damian Lillard,2022-23,2023-03-24,POR,lower_leg,soreness,0.01,21.3,4.4,16.9,37.7,10,17,0
Collin Sexton,2023-24,2024-04-11,UTA,systemic,illness,0.0,23.2,6.3,16.9,38.6,3,4,0
LaMelo Ball,2024-25,2025-04-02,CHA,ankle,tendinopathy,0.0,30.5,13.6,16.9,38.3,7,12,0
Trey Murphy III,2025-26,2026-04-05,NOP,ankle,sprain,0.0,26.3,9.6,16.8,38.4,4,8,0
Naji Marshall,2025-26,2026-04-10,DAL,hip_groin,contusion,0.0,24.3,7.5,16.8,38.5,2,3,0
Marvin Bagley III,2023-24,2024-04-03,WAS,knee,sprain,0.0,42.4,25.8,16.7,38.0,6,12,0
Mark Williams,2024-25,2025-04-09,CHA,foot,management,0.0,24.2,7.4,16.7,38.2,1,1,0
Miles Bridges,2023-24,2024-04-14,CHA,hand_wrist,contusion,0.0,26.1,9.4,16.6,38.1,1,1,0
Fred VanVleet,2023-24,2024-04-14,HOU,hip_groin,contusion,0.0,22.6,6.2,16.5,37.7,1,1,0
Bilal Coulibaly,2025-26,2026-04-12,WAS,unknown,tendinopathy,0.0,27.4,11.1,16.3,37.4,1,1,0
Davis Bertans,2023-24,2024-04-14,CHA,achilles,soreness,0.0,28.4,12.2,16.2,37.1,1,1,0
Scoot Henderson,2023-24,2024-04-14,POR,hip_groin,soreness,0.0,24.9,8.8,16.2,37.0,1,1,0
Myles Turner,2025-26,2026-04-12,MIL,ankle,sprain,0.0,26.4,10.1,16.2,37.2,1,1,0
Cedric Coward,2025-26,2026-04-10,MEM,back_core,soreness,0.0,29.2,13.1,16.1,36.8,2,3,0
Matas Buzelis,2025-26,2026-04-12,CHI,ankle,sprain,0.0,26.5,10.4,16.1,36.8,1,1,0
Pascal Siakam,2025-26,2026-04-05,IND,ankle,sprain,0.0,24.3,8.3,16.0,36.4,5,8,0
Nic Claxton,2025-26,2026-04-05,BKN,hand_wrist,soreness,0.0,29.4,13.4,16.0,36.3,5,8,0
Isaiah Livers,2022-23,2023-04-05,DET,ankle,sprain,0.0,25.3,9.4,15.9,36.2,3,5,0
Talen Horton-Tucker,2022-23,2023-04-06,UTA,ankle,soreness,0.0,21.6,5.7,15.9,36.1,3,4,0
Guerschon Yabusele,2024-25,2025-04-11,PHI,knee,soreness,0.0,27.8,11.9,15.9,36.4,2,3,0
Kyle Kuzma,2022-23,2023-03-21,WAS,ankle,sprain,0.13,23.7,7.9,15.7,35.6,11,20,0
Keldon Johnson,2023-24,2024-04-09,SAS,foot,sprain,0.0,27.2,11.5,15.7,35.9,4,6,0
Nick Richards,2023-24,2024-04-12,CHA,foot,soreness,0.0,29.1,13.4,15.7,35.9,2,3,0
Kyle Lowry,2024-25,2025-04-09,PHI,hip_groin,management,0.0,26.0,10.3,15.7,35.8,3,5,0
Dillon Brooks,2023-24,2024-04-14,HOU,hip_groin,soreness,0.0,23.0,7.4,15.6,35.7,1,1,0
Tyrese Maxey,2024-25,2025-03-04,PHI,back_core,sprain,0.12,25.2,9.5,15.6,34.2,22,41,0
Cade Cunningham,2021-22,2022-04-09,DET,hip_groin,soreness,0.0,22.6,7.1,15.5,35.5,1,1,0
Terry Rozier,2022-23,2023-03-24,CHA,foot,soreness,0.0,22.7,7.2,15.5,35.5,8,17,0
Marvin Bagley III,2021-22,2022-03-31,DET,hip_groin,strain,0.0,28.0,12.6,15.4,35.1,5,10,0
Anfernee Simons,2022-23,2023-03-22,POR,foot,soreness,0.02,26.2,10.8,15.4,34.6,11,19,0
Jaren Jackson Jr.,2023-24,2024-04-05,MEM,quad,tendinopathy,0.0,22.3,7.0,15.3,34.8,6,10,0
Jabari Walker,2023-24,2024-04-14,POR,knee,tendinopathy,0.0,33.7,18.4,15.3,35.0,1,1,0
Anthony Davis,2025-26,2026-02-08,WAS,hand_wrist,sprain,0.0,30.8,15.5,15.3,33.2,31,64,0
Terance Mann,2025-26,2026-04-05,BKN,knee_ligament,soreness,0.0,34.7,19.4,15.3,34.8,5,8,0
Jalen Duren,2023-24,2024-04-12,DET,back_core,soreness,0.0,22.6,7.4,15.2,34.8,2,3,0
D'Angelo Russell,2024-25,2025-04-06,BKN,ankle,soreness,0.0,32.9,17.7,15.2,34.6,5,8,0
De'Aaron Fox,2024-25,2025-03-14,SAS,hand_wrist,surgery,0.02,34.7,19.7,15.0,33.4,18,31,0
Anfernee Simons,2024-25,2025-04-01,POR,elbow_arm,contusion,0.01,20.9,6.0,15.0,34.1,7,13,0
Yves Missi,2024-25,2025-04-10,NOP,ankle,soreness,0.0,24.9,10.0,15.0,34.2,3,4,0
Deni Avdija,2022-23,2023-04-04,WAS,elbow_arm,tendinopathy,0.0,28.6,13.6,14.9,34.1,4,6,0
T.J. McConnell,2022-23,2023-04-07,IND,hip_groin,soreness,0.0,23.8,9.0,14.8,33.9,2,3,0
Jarace Walker,2025-26,2026-04-12,IND,foot,sprain,0.0,26.5,11.7,14.8,33.8,1,1,0
LeBron James,2021-22,2022-04-02,LAL,ankle,sprain,0.08,17.7,3.2,14.5,32.7,5,8,0
Josh Okogie,2024-25,2025-04-09,CHA,hamstring,management,0.0,21.6,7.1,14.5,33.0,1,1,0
Ja Morant,2025-26,2026-01-23,MEM,elbow_arm,sprain,0.22,31.0,16.5,14.5,31.2,40,80,0
Malcolm Brogdon,2021-22,2022-03-31,IND,back_core,soreness,0.0,25.2,10.8,14.4,32.9,5,10,0
Moritz Wagner,2022-23,2023-04-07,ORL,ankle,sprain,0.0,31.8,17.4,14.4,32.8,2,3,0
Delon Wright,2022-23,2023-04-09,WAS,knee,soreness,0.0,32.3,17.9,14.4,32.9,1,1,0
Santi Aldama,2023-24,2024-04-05,MEM,foot,soreness,0.0,26.7,12.3,14.4,32.7,6,10,0
Lauri Markkanen,2024-25,2025-03-25,UTA,systemic,illness,0.0,22.5,8.1,14.4,32.7,10,20,0
Bilal Coulibaly,2025-26,2026-04-09,WAS,unknown,tendinopathy,0.0,22.0,7.7,14.4,32.8,1,1,1
Kyle Filipowski,2025-26,2026-04-10,UTA,back_core,management,0.0,25.4,11.1,14.4,32.8,2,3,0
Scottie Barnes,2023-24,2024-03-03,TOR,hand_wrist,fracture,0.07,38.8,24.5,14.3,32.1,22,43,0
Josh Giddey,2025-26,2026-04-05,CHI,hamstring,strain,0.0,22.9,8.6,14.3,32.6,5,8,0
Marvin Bagley III,2025-26,2026-04-12,DAL,shoulder,tendinopathy,0.0,33.2,18.9,14.3,32.6,1,1,0
Kelly Oubre Jr.,2022-23,2023-03-24,CHA,shoulder,strain,0.0,25.8,11.6,14.2,32.5,8,17,0
Eric Gordon,2021-22,2022-03-27,HOU,hip_groin,soreness,0.0,22.4,8.4,14.0,32.0,7,14,0
Cory Joseph,2021-22,2022-03-31,DET,back_core,strain,0.0,25.3,11.3,14.0,32.1,5,10,0
Ziaire Williams,2025-26,2026-04-05,BKN,foot,soreness,0.0,29.3,15.3,14.0,31.8,5,8,0
Shai Gilgeous-Alexander,2021-22,2022-03-22,OKC,ankle,soreness,0.0,17.7,3.8,13.9,31.0,10,19,0
Lauri Markkanen,2022-23,2023-03-29,UTA,hand_wrist,contusion,0.21,20.1,6.2,13.9,31.5,2,4,1
Cam Spencer,2025-26,2026-04-08,MEM,back_core,soreness,0.0,25.0,11.0,13.9,31.9,3,5,0
Franz Wagner,2021-22,2022-04-06,ORL,ankle,sprain,0.0,25.5,11.7,13.8,31.5,2,4,0
Isaiah Stewart,2023-24,2024-03-20,DET,hamstring,strain,0.0,29.0,15.3,13.8,31.0,15,26,0
Cam Thomas,2024-25,2025-03-15,BKN,hamstring,strain,0.0,24.8,11.1,13.7,30.8,16,30,0
Lauri Markkanen,2025-26,2026-02-26,UTA,ankle,sprain,0.0,27.1,13.4,13.7,30.3,24,46,0
Ben Sheppard,2025-26,2026-04-05,IND,hip_groin,sprain,0.0,26.3,12.6,13.7,31.2,5,8,0
Tyrese Haliburton,2022-23,2023-03-27,IND,ankle,sprain,0.03,18.8,5.1,13.6,31.1,7,14,0
Anfernee Simons,2025-26,2026-02-22,CHI,hand_wrist,sprain,0.13,31.0,17.4,13.6,30.0,25,50,0
Dennis Smith Jr.,2022-23,2023-03-31,CHA,foot,sprain,0.0,22.3,8.8,13.5,30.9,5,10,0
Luka Dončić,2022-23,2023-04-09,DAL,quad,recovery,0.0,24.5,11.0,13.5,30.9,1,1,0
Nick Smith Jr.,2024-25,2025-04-13,CHA,hip_groin,soreness,0.0,26.9,13.4,13.5,30.9,1,1,0
Zach LaVine,2025-26,2026-02-07,SAC,hand_wrist,soreness,0.0,22.8,9.4,13.4,30.3,29,65,0
Noah Clowney,2025-26,2026-04-05,BKN,ankle,soreness,0.0,26.9,13.5,13.4,30.5,5,8,0
Kristaps Porziņģis,2022-23,2023-04-02,WAS,systemic,illness,0.0,17.4,4.1,13.3,30.1,5,8,0
Keyonte George,2025-26,2026-03-13,UTA,hamstring,strain,0.0,29.8,16.5,13.3,30.0,16,31,0
Gary Harris,2025-26,2026-04-12,MIL,hip_groin,soreness,0.0,29.9,16.5,13.3,30.4,1,1,0
Bradley Beal,2022-23,2023-03-22,WAS,knee,soreness,0.11,17.0,3.8,13.2,29.7,10,19,0
Lamar Stevens,2023-24,2024-04-12,MEM,hip_groin,strain,0.0,23.2,10.0,13.2,30.1,2,3,0
Isaiah Collier,2024-25,2025-04-09,UTA,hamstring,soreness,0.0,22.7,9.5,13.2,30.2,3,5,0
Aaron Nesmith,2025-26,2026-03-29,IND,neck,strain,0.0,20.4,7.2,13.2,29.8,8,15,0
Domantas Sabonis,2021-22,2022-03-22,SAC,knee,contusion,0.0,19.6,6.5,13.1,29.9,8,18,0
Wendell Carter Jr.,2022-23,2023-04-07,ORL,hip_groin,soreness,0.0,20.8,7.7,13.1,29.9,1,2,1
Jaden Hardy,2025-26,2026-04-09,WAS,back_core,soreness,0.0,22.1,9.0,13.1,30.0,1,1,0
Josh Minott,2025-26,2026-04-09,BKN,ankle,soreness,0.0,25.4,12.4,13.0,29.7,3,4,0
Anfernee Simons,2023-24,2024-03-25,POR,knee,tendinopathy,0.0,31.3,18.4,12.9,29.2,11,21,0
Monté Morris,2022-23,2023-04-02,WAS,ankle,soreness,0.0,23.8,11.0,12.8,29.1,5,8,0
Collin Sexton,2022-23,2023-04-06,UTA,hamstring,management,0.0,20.2,7.4,12.8,29.2,3,4,0
Kyle Kuzma,2021-22,2022-03-20,WAS,knee,tendinopathy,0.01,18.4,5.7,12.7,27.9,12,21,0
Doug McDermott,2022-23,2023-03-31,SAS,elbow_arm,soreness,0.0,21.8,9.1,12.7,28.6,1,2,1
Maxi Kleber,2022-23,2023-04-07,DAL,hamstring,recovery,0.13,23.9,11.2,12.7,29.0,2,3,0
Alperen Sengun,2023-24,2024-03-12,HOU,ankle,sprain,0.04,20.4,7.7,12.7,28.1,18,34,0
Jordan Clarkson,2023-24,2024-03-27,UTA,back_core,soreness,0.0,20.2,7.5,12.7,28.7,10,19,0
Jeremy Sochan,2023-24,2024-03-31,SAS,ankle,tendinopathy,0.0,22.6,9.9,12.7,28.8,8,15,0
Olivier-Maxence Prosper,2025-26,2026-04-08,MEM,ankle,soreness,0.0,21.1,8.4,12.7,29.0,3,5,0
Jerami Grant,2023-24,2024-03-13,POR,hamstring,strain,0.0,19.0,6.4,12.6,28.0,18,33,0
Kelly Oubre Jr.,2024-25,2025-03-14,PHI,knee,sprain,0.01,21.9,9.4,12.5,27.8,17,31,0
Keldon Johnson,2022-23,2023-04-02,SAS,foot,sprain,0.0,19.7,7.3,12.4,28.1,2,4,1
Lauri Markkanen,2023-24,2024-03-29,UTA,shoulder,soreness,0.0,17.8,5.4,12.4,27.9,9,17,0
Victor Wembanyama,2023-24,2024-04-14,SAS,ankle,management,0.0,19.1,6.7,12.4,28.4,1,1,0
Jonathan Isaac,2022-23,2023-02-27,ORL,hamstring,strain,0.06,30.4,18.1,12.3,27.6,21,42,0
Kyle Kuzma,2025-26,2026-04-07,MIL,achilles,tendinopathy,0.0,27.6,15.3,12.3,28.1,1,1,0
Keldon Johnson,2023-24,2024-03-31,SAS,foot,sprain,0.0,19.8,7.6,12.2,27.7,3,7,1
Dennis Smith Jr.,2023-24,2024-04-01,BKN,hip_groin,soreness,0.0,25.4,13.2,12.2,27.9,8,14,0
Deandre Ayton,2024-25,2025-02-12,POR,lower_leg,strain,0.03,27.0,14.7,12.2,27.0,28,61,0
Cameron Johnson,2024-25,2025-03-31,BKN,back_core,contusion,0.0,18.9,6.7,12.2,27.6,7,14,0
Kyshawn George,2025-26,2026-03-03,WAS,elbow_arm,sprain,0.0,26.2,14.0,12.2,26.8,22,41,0
Giannis Antetokounmpo,2025-26,2026-03-17,MIL,knee,dislocation,0.0,28.8,16.6,12.2,27.1,15,27,0
De'Aaron Fox,2021-22,2022-03-17,SAC,hand_wrist,soreness,0.0,15.7,3.6,12.1,27.7,10,23,0
Carmelo Anthony,2021-22,2022-04-07,LAL,systemic,illness,0.0,19.6,7.4,12.1,27.8,2,3,0
Nerlens Noel,2021-22,2022-03-08,NYK,foot,soreness,0.08,42.0,30.0,12.0,27.0,17,33,0
Jalen Suggs,2021-22,2022-04-09,ORL,ankle,contusion,0.0,26.5,14.4,12.0,27.5,1,1,0
Nick Richards,2025-26,2026-03-27,CHI,elbow_arm,sprain,0.0,31.1,19.1,12.0,27.1,10,17,0
Zach Collins,2022-23,2023-04-09,SAS,hand_wrist,contusion,0.0,19.4,7.5,11.9,27.3,1,1,0
RJ Barrett,2023-24,2024-04-10,TOR,knee,management,0.0,16.4,4.5,11.9,27.1,1,2,1
Grant Williams,2023-24,2024-04-12,CHA,ankle,sprain,0.0,17.2,5.3,11.9,27.2,2,3,0
Anthony Gill,2024-25,2025-04-09,WAS,hamstring,soreness,0.0,23.3,11.4,11.9,27.2,3,5,0
Trae Young,2025-26,2026-01-11,WAS,knee_ligament,sprain,0.0,42.7,30.8,11.9,25.7,24,53,1
Pascal Siakam,2025-26,2026-03-10,IND,knee,sprain,0.0,22.1,10.2,11.9,26.6,6,11,1
Jalen Smith,2025-26,2026-03-27,CHI,lower_leg,strain,0.0,33.0,21.2,11.9,26.9,10,17,0
LaMelo Ball,2022-23,2023-03-01,CHA,ankle,fracture,0.0,37.0,25.3,11.8,26.7,19,40,0
CJ McCollum,2024-25,2025-03-28,NOP,foot,contusion,0.0,19.8,8.0,11.8,26.7,9,17,0
Walker Kessler,2024-25,2025-04-04,UTA,head_face,fracture,0.0,30.0,18.2,11.8,27.0,5,10,0
Russell Westbrook,2025-26,2026-03-22,SAC,foot,soreness,0.0,21.6,9.8,11.8,26.8,11,22,0
Julius Randle,2021-22,2022-04-01,NYK,quad,soreness,0.0,20.8,9.1,11.7,26.7,5,9,0
Paolo Banchero,2022-23,2023-04-07,ORL,back_core,soreness,0.0,18.0,6.2,11.7,26.9,2,3,0
Derrick Rose,2023-24,2024-03-01,MEM,back_core,soreness,0.0,28.0,16.3,11.7,26.1,23,45,0
Desmond Bane,2023-24,2024-03-30,MEM,back_core,soreness,0.0,18.2,6.6,11.6,26.2,9,16,0
John Collins,2024-25,2025-03-14,UTA,ankle,sprain,0.0,20.8,9.2,11.6,26.0,16,31,0
Ja'Kobe Walter,2024-25,2025-04-09,TOR,hip_groin,soreness,0.0,26.2,14.7,11.5,26.3,3,5,0
Bradley Beal,2021-22,2022-01-31,WAS,hand_wrist,sprain,0.28,19.7,8.3,11.4,25.4,33,69,0
Josh Hart,2021-22,2022-03-20,POR,knee_ligament,tendinopathy,0.09,19.9,8.5,11.4,25.3,12,21,0
Jalen Green,2022-23,2023-02-24,HOU,hip_groin,strain,0.0,23.3,11.9,11.4,25.0,2,4,1
Cedi Osman,2023-24,2024-04-05,SAS,ankle,sprain,0.0,26.1,14.7,11.4,26.0,6,10,0
Ivica Zubac,2025-26,2026-03-21,IND,back_core,fracture,0.0,45.5,34.1,11.4,25.6,12,23,0
Bobby Portis,2025-26,2026-03-25,MIL,hand_wrist,sprain,0.0,26.7,15.2,11.4,25.8,11,19,0
Daniel Gafford,2025-26,2026-04-07,DAL,shoulder,tendinopathy,0.0,22.0,10.6,11.4,26.0,4,6,0
Justise Winslow,2021-22,2022-03-24,POR,lower_leg,tendinopathy,0.02,27.5,16.2,11.3,25.6,10,17,0
Rodney McGruder,2022-23,2023-03-24,DET,foot,sprain,0.0,25.2,13.9,11.3,25.5,9,17,0
John Collins,2023-24,2024-03-31,UTA,back_core,soreness,0.0,18.8,7.5,11.3,25.6,8,15,0
Kris Dunn,2021-22,2022-04-07,POR,ankle,sprain,0.0,22.4,11.2,11.2,25.6,2,3,0
Tre Johnson,2025-26,2026-04-05,WAS,foot,sprain,0.0,23.4,12.2,11.2,25.4,5,8,0
Dorian Finney-Smith,2023-24,2024-04-07,BKN,knee,surgery,0.0,31.3,20.2,11.1,25.3,5,8,0
Paul George,2024-25,2025-03-06,PHI,hip_groin,soreness,0.06,16.2,5.1,11.1,24.2,21,39,0
Domantas Sabonis,2025-26,2026-02-06,SAC,back_core,soreness,0.0,22.5,11.4,11.1,25.1,30,66,0
Marvin Bagley III,2022-23,2023-04-04,DET,head_face,concussion,0.0,18.7,7.7,11.0,25.1,2,3,1
Daniel Gafford,2022-23,2023-04-09,WAS,ankle,soreness,0.0,20.0,9.0,11.0,25.1,1,1,0
Malaki Branham,2023-24,2024-04-12,SAS,head_face,concussion,0.0,19.0,8.0,11.0,25.2,2,3,0
Chris Paul,2021-22,2022-02-23,PHX,hand_wrist,rupture_tear,1.0,12.1,14.7,-2.7,-5.8,15,28,1
Usman Garuba,2021-22,2022-03-17,HOU,ankle,sprain,0.0,9.4,12.1,-2.7,-5.9,3,5,1
Nik Stauskas,2021-22,2022-04-02,BOS,ankle,sprain,1.0,29.5,32.2,-2.7,-6.1,4,8,0
Cole Swider,2022-23,2022-10-23,LAL,foot,soreness,0.03,36.3,39.0,-2.7,-5.7,1,1,0
Jaylon Tyson,2025-26,2026-03-21,CLE,foot,sprain,1.0,11.5,14.2,-2.7,-5.8,10,20,1
Cade Cunningham,2021-22,2021-10-19,DET,ankle,sprain,0.58,63.7,66.5,-2.8,-5.9,2,4,0
Elijah Hughes,2021-22,2021-11-05,UTA,systemic,illness,1.0,9.5,12.3,-2.8,-6.0,3,4,0
Vernon Carey Jr.,2021-22,2022-03-17,WAS,lower_leg,strain,0.01,32.5,35.3,-2.8,-6.3,12,21,1
James Bouknight,2022-23,2023-03-12,CHA,ankle,sprain,0.0,22.3,25.1,-2.8,-6.5,1,1,0
Joel Embiid,2023-24,2024-02-01,PHI,knee,unknown,1.0,8.8,11.6,-2.8,-6.2,29,61,1
Derrick Jones Jr.,2023-24,2024-04-14,DAL,shoulder,sprain,1.0,11.6,14.4,-2.8,-6.4,1,7,1
Shaedon Sharpe,2024-25,2024-10-23,POR,unknown,rupture_tear,1.0,25.9,28.6,-2.8,-6.0,8,15,1
Dariq Whitehead,2024-25,2025-02-28,BKN,knee,soreness,0.14,32.1,34.9,-2.8,-6.2,2,4,1
Dereck Lively II,2024-25,2025-04-13,DAL,ankle,fracture,1.0,26.7,29.5,-2.8,-6.5,1,1,0
Moses Moody,2025-26,2026-03-25,GSW,knee_ligament,rupture_tear,1.0,59.1,61.9,-2.8,-6.2,10,19,0
Yves Pons,2021-22,2022-01-05,MEM,ankle,soreness,1.0,19.9,22.8,-2.9,-6.6,2,3,0
Anthony Edwards,2021-22,2022-03-03,MIN,knee_ligament,tendinopathy,1.0,12.0,15.0,-2.9,-6.5,3,5,1
Coby White,2021-22,2022-04-09,CHI,foot,sprain,1.0,8.4,11.2,-2.9,-6.6,1,7,1
Rui Hachimura,2024-25,2025-04-08,LAL,knee_ligament,tendinopathy,1.0,7.4,10.3,-2.9,-6.6,1,1,1
Pacôme Dadiet,2025-26,2025-12-09,NYK,ankle,sprain,1.0,28.7,31.7,-2.9,-6.3,1,1,0
Kristaps Porziņģis,2025-26,2026-04-07,GSW,knee,soreness,1.0,5.7,8.6,-2.9,-6.6,2,3,1
Hugo Gonzalez,2025-26,2026-04-12,BOS,foot,soreness,1.0,59.8,62.7,-2.9,-6.6,1,1,0
Victor Oladipo,2021-22,2022-02-24,MIA,knee,recovery,1.0,35.1,38.1,-3.0,-6.8,2,2,0
Mark Williams,2022-23,2022-11-16,CHA,ankle,sprain,0.0,38.5,41.5,-3.0,-6.6,3,5,0
Jae'Sean Tate,2025-26,2026-02-23,HOU,knee,sprain,1.0,23.0,25.9,-3.0,-6.5,14,26,1
Johnny Davis,2022-23,2022-11-25,WAS,hip_groin,soreness,0.93,19.5,22.5,-3.1,-6.8,2,3,1
Dariq Whitehead,2023-24,2023-10-25,BKN,foot,surgery,0.55,75.0,78.1,-3.1,-6.6,2,3,0
Jacob Toppin,2024-25,2025-04-01,ATL,lower_leg,soreness,1.0,35.9,39.0,-3.1,-7.1,7,11,0
Peyton Watson,2022-23,2022-12-02,DEN,hamstring,strain,1.0,20.7,23.9,-3.2,-7.0,3,5,0
Kam Jones,2025-26,2025-10-23,IND,back_core,fracture,0.43,73.3,76.5,-3.2,-6.9,24,47,0
Liam Robbins,2024-25,2025-02-07,MIL,hip_groin,strain,1.0,23.8,27.1,-3.3,-7.1,1,1,0
Alex Toohey,2025-26,2025-10-21,GSW,knee_ligament,soreness,1.0,72.7,76.0,-3.3,-7.1,9,16,0
Egor Demin,2025-26,2026-01-01,BKN,back_core,soreness,0.02,62.4,65.6,-3.3,-7.0,1,1,0
Brandon Williams,2023-24,2024-03-13,DAL,hand_wrist,sprain,1.0,24.8,28.2,-3.4,-7.5,3,5,0
James Wiseman,2021-22,2022-03-19,GSW,knee,management,1.0,32.9,36.4,-3.5,-7.8,34,89,0
Robert Williams III,2021-22,2022-03-27,BOS,knee_ligament,rupture_tear,1.0,29.7,33.2,-3.5,-8.0,9,26,1
Javon Freeman-Liberty,2023-24,2023-11-19,TOR,ankle,sprain,0.6,64.6,68.2,-3.5,-7.7,1,1,0
Onuralp Bitim,2023-24,2023-12-02,CHI,systemic,illness,0.03,39.7,43.1,-3.5,-7.6,2,5,0
Seth Lundy,2023-24,2023-12-29,ATL,ankle,sprain,0.28,31.1,34.6,-3.5,-7.6,2,3,0
Isaiah Crawford,2025-26,2026-01-07,HOU,systemic,illness,1.0,31.6,35.1,-3.5,-7.4,2,3,0
James Wiseman,2021-22,2022-01-02,GSW,knee,recovery,1.0,46.5,50.0,-3.6,-7.9,30,64,0
Tyler Herro,2023-24,2024-02-26,MIA,knee,dislocation,1.0,15.7,19.3,-3.6,-7.8,20,39,1
Anton Watson,2024-25,2024-12-27,BOS,hip_groin,strain,1.0,58.2,62.0,-3.7,-8.2,2,3,0
Tamar Bates,2025-26,2025-12-22,DEN,foot,surgery,1.0,75.4,79.1,-3.7,-8.2,35,71,0
Victor Oladipo,2021-22,2022-03-02,MIA,knee,recovery,1.0,23.5,27.3,-3.8,-8.5,2,4,1
Isaiah Todd,2021-22,2021-11-30,WAS,foot,contusion,0.99,35.5,39.4,-3.9,-8.7,1,1,0
Tyrell Terry,2021-22,2022-01-03,MEM,systemic,illness,1.0,17.3,21.2,-3.9,-9.0,1,1,0
Aleksej Pokusevski,2022-23,2022-11-05,OKC,shoulder,tendinopathy,0.5,9.5,13.4,-3.9,-8.4,2,4,1
Peyton Watson,2022-23,2023-01-05,DEN,hip_groin,strain,1.0,35.7,39.6,-3.9,-8.7,11,20,0
JD Davison,2023-24,2024-03-30,BOS,ankle,sprain,1.0,36.8,40.7,-3.9,-8.8,2,3,0
Yuki Kawamura,2024-25,2025-03-03,MEM,hamstring,soreness,1.0,18.7,22.6,-3.9,-8.7,2,3,0
Andrew Wiggins,2024-25,2025-04-13,MIA,hamstring,tendinopathy,1.0,12.1,16.0,-3.9,-8.9,1,7,1
Drake Powell,2025-26,2025-10-24,BKN,ankle,sprain,0.1,22.5,26.4,-3.9,-8.5,2,3,0
Devontae Cacok,2021-22,2022-03-08,SAS,foot,contusion,0.17,26.1,30.1,-4.0,-9.0,5,8,0
Jaylin Galloway,2023-24,2024-04-02,MIL,ankle,sprain,1.0,63.0,67.0,-4.0,-9.1,8,13,0
Zyon Pullin,2024-25,2025-02-25,MEM,knee_ligament,tendinopathy,1.0,74.1,78.1,-4.0,-9.0,25,48,0
Hunter Tyson,2023-24,2024-02-12,DEN,hand_wrist,fracture,1.0,23.3,27.4,-4.1,-9.1,5,16,1
Danté Exum,2023-24,2024-04-14,DAL,foot,sprain,1.0,16.5,20.6,-4.1,-9.4,1,7,1
Drake Powell,2025-26,2025-11-03,BKN,ankle,sprain,0.0,13.2,17.4,-4.2,-9.2,2,4,1
Ron Harper Jr.,2025-26,2025-12-11,BOS,knee,sprain,1.0,34.7,39.0,-4.2,-9.2,1,1,0
Vernon Carey Jr.,2021-22,2022-02-28,WAS,hip_groin,contusion,0.5,24.6,28.8,-4.3,-9.2,3,6,0
Patrick Baldwin Jr.,2022-23,2022-10-18,GSW,hand_wrist,sprain,1.0,53.0,57.3,-4.3,-9.2,3,6,0
Adam Flagler,2024-25,2024-12-10,OKC,hand_wrist,fracture,1.0,29.8,34.1,-4.3,-9.2,2,5,0
Jack White,2022-23,2023-01-24,DEN,hip_groin,strain,1.0,18.8,23.2,-4.4,-9.9,7,14,1
Rayan Rupert,2023-24,2024-02-15,POR,ankle,sprain,0.0,18.7,23.2,-4.4,-9.4,4,15,1
JD Davison,2023-24,2024-03-18,BOS,systemic,illness,1.0,17.4,21.8,-4.4,-9.9,1,1,0
Jaylon Tyson,2024-25,2024-11-02,CLE,hip_groin,sprain,1.0,17.5,21.9,-4.4,-9.7,3,6,1
Yves Pons,2021-22,2022-02-07,MEM,quad,soreness,1.0,19.2,23.8,-4.6,-10.5,11,28,1
Charles Bassey,2021-22,2022-04-08,PHI,shoulder,soreness,1.0,23.8,28.3,-4.6,-10.4,8,23,1
Vince Williams Jr.,2022-23,2023-03-07,MEM,shoulder,soreness,1.0,32.7,37.6,-4.9,-10.8,12,22,0
Trevor Keels,2022-23,2023-04-09,NYK,systemic,illness,1.0,23.4,28.4,-5.0,-11.3,1,1,0
David Duke Jr.,2021-22,2021-11-23,BKN,hip_groin,tendinopathy,1.0,63.7,68.9,-5.2,-11.4,3,7,0
AJ Johnson,2024-25,2024-12-23,MIL,systemic,illness,1.0,34.7,39.9,-5.2,-11.1,3,6,0
Jett Howard,2023-24,2023-12-01,ORL,ankle,sprain,1.0,20.5,25.8,-5.3,-11.5,1,1,0
Colby Jones,2024-25,2025-03-08,WAS,achilles,tendinopathy,0.0,20.3,25.7,-5.3,-11.6,2,3,1
Colby Jones,2024-25,2025-03-13,WAS,achilles,tendinopathy,0.0,13.7,19.1,-5.4,-11.8,1,1,0
Udoka Azubuike,2021-22,2021-11-28,UTA,ankle,unknown,1.0,42.9,48.4,-5.5,-12.1,17,37,1
Isaiah Stevens,2024-25,2025-04-05,MIA,foot,soreness,1.0,46.1,51.6,-5.5,-12.4,5,9,0
Isaiah Livers,2021-22,2021-10-29,DET,foot,recovery,0.07,62.5,68.1,-5.6,-12.1,1,1,0
Chucky Hepburn,2025-26,2026-04-03,TOR,knee,surgery,1.0,48.4,54.2,-5.8,-13.2,6,10,0
AJ Green,2022-23,2022-10-29,MIL,head_face,fracture,1.0,19.7,25.7,-6.0,-12.7,9,18,1
DaQuan Jeffries,2022-23,2023-03-29,NYK,lower_leg,strain,1.0,37.5,43.6,-6.1,-13.9,5,10,0
Sidy Cissoko,2024-25,2025-04-03,POR,ankle,sprain,0.03,32.3,38.4,-6.1,-13.9,2,2,0
Keon Johnson,2021-22,2021-11-12,LAC,ankle,sprain,1.0,56.8,63.0,-6.2,-13.6,4,6,0
Tyrell Terry,2021-22,2022-04-04,MEM,foot,soreness,1.0,39.0,45.2,-6.2,-14.1,4,6,0
TyTy Washington Jr.,2023-24,2023-12-17,MIL,ankle,sprain,1.0,28.5,34.6,-6.2,-13.5,1,1,0
McKinley Wright IV,2021-22,2022-02-05,MIN,elbow_arm,unknown,1.0,41.8,48.2,-6.4,-14.5,14,30,0
Chucky Hepburn,2025-26,2026-01-11,TOR,knee,surgery,1.0,51.2,57.6,-6.4,-14.1,1,1,0
Johnny Juzang,2022-23,2022-11-23,UTA,hand_wrist,sprain,0.98,59.4,66.0,-6.6,-14.9,9,17,0
Bronny James,2024-25,2024-11-19,LAL,foot,contusion,1.0,17.3,24.1,-6.7,-14.7,10,19,1
Marcus Garrett,2021-22,2021-11-22,MIA,hand_wrist,tendinopathy,1.0,32.6,39.5,-6.9,-15.2,2,2,0
Chris Livingston,2023-24,2023-12-11,MIL,ankle,sprain,1.0,16.3,23.3,-6.9,-15.0,2,5,1
Cam Spencer,2024-25,2024-10-23,MEM,ankle,sprain,1.0,56.9,64.1,-7.2,-15.5,15,28,1
Jonathan Kuminga,2021-22,2021-10-18,GSW,knee_ligament,strain,1.0,58.8,66.2,-7.4,-15.9,5,11,1
Tidjane Salaün,2024-25,2024-10-25,CHA,hand_wrist,sprain,0.78,34.5,42.1,-7.6,-16.4,1,1,1
JD Davison,2022-23,2022-11-23,BOS,ankle,sprain,1.0,23.1,31.0,-7.9,-17.4,1,2,1
Danny Wolf,2025-26,2025-11-02,BKN,ankle,sprain,0.0,34.8,43.4,-8.6,-18.5,1,1,1
Alex Ducas,2024-25,2024-12-14,OKC,back_core,sprain,1.0,23.4,32.3,-8.8,-18.9,1,1,0
Malik Fitts,2021-22,2021-12-19,UTA,shoulder,sprain,1.0,33.1,42.8,-9.7,-21.4,5,11,1
Isaiah Collier,2024-25,2024-10-23,UTA,hamstring,strain,1.0,42.3,55.9,-13.5,-28.7,7,15,1
