model,n_spells,n_observed,mae_observed,rmse_observed,medae_observed,bias_observed,mae_observed_long,spearman,c_index,auc_out_past_1,base_rate_out_past_1,auc_out_past_3,base_rate_out_past_3,auc_out_past_5,base_rate_out_past_5,auc_out_past_10,base_rate_out_past_10,auc_out_past_20,base_rate_out_past_20,point
km global,1565,1258,9.621570561974325,10.419554924843178,10.786437743580018,8.142558570289081,6.813925599996839,NaN,0.5,0.5,0.5269256987048399,0.5,0.3136136849607983,0.5,0.22902990517870167,0.5,0.12903225806451613,0.5,0.056197074672825253,mean
km global,1565,1258,2.7472178060413355,6.705833542343209,1.0,-1.643879173290938,10.725,NaN,0.5,0.5,0.5269256987048399,0.5,0.3136136849607983,0.5,0.22902990517870167,0.5,0.12903225806451613,0.5,0.056197074672825253,median
km by ailment,1565,1258,6.249857168491166,8.102551004613202,5.0204988313223975,4.937393329791844,6.630546640166165,0.3384145117502215,0.6630299268730664,0.6708573953047933,0.5269256987048399,0.7205277069763051,0.3136136849607983,0.7337645903259435,0.22902990517870167,0.7687313462732608,0.12903225806451613,0.7954926367069655,0.056197074672825253,mean
km by ailment,1565,1258,2.6036643577672964,6.323868870030691,1.0,-0.6771185836861401,9.095836787490706,0.41703771181121646,0.6835481977888839,0.6989758827279472,0.5269256987048399,0.7367577645615029,0.3136136849607983,0.7449803855401358,0.22902990517870167,0.7665254491917552,0.12903225806451613,0.7609890723815058,0.056197074672825253,median
km by region,1565,1258,8.005137923191722,9.938459061588413,7.6472367031171835,6.367226633480462,6.785291580455064,-0.018611006017824408,0.512602496700634,0.4812316622612599,0.5269256987048399,0.5467655527234967,0.3136136849607983,0.5620823264979,0.22902990517870167,0.6193162470204113,0.12903225806451613,0.6840599789939439,0.056197074672825253,mean
km by region,1565,1258,2.9383287942882172,6.717584033577255,1.0,-1.038256124114265,10.069408295944434,0.11827655250783345,0.5483918294714524,0.5587180452669528,0.5269256987048399,0.5568701028981403,0.3136136849607983,0.5512100103043707,0.22902990517870167,0.5586002443763396,0.12903225806451613,0.5524983798520637,0.056197074672825253,median
km by region x ailment,1565,1258,5.763829754486018,7.415559500773487,4.8153051786174865,4.256774118164613,5.855280275997873,0.31369970351723525,0.6545421723891738,0.6553782001334671,0.5269256987048399,0.7183635419616727,0.3136136849607983,0.7316946772803692,0.22902990517870167,0.7747280812451175,0.12903225806451613,0.7978222977049766,0.056197074672825253,mean
km by region x ailment,1565,1258,2.476237653651891,5.858733700807485,1.0,-1.0102251911405784,8.706686390261586,0.3802254821543528,0.6750266383245711,0.6898177317312315,0.5269256987048399,0.7198822335504578,0.3136136849607983,0.7292210257368227,0.22902990517870167,0.7531523546261242,0.12903225806451613,0.74982681177233,0.056197074672825253,median
km by region x ailment x status,1565,1258,6.981405618758409,8.378132137888182,6.585058005692603,5.660763894002682,6.209553288436094,0.31542349325344027,0.6542886350360226,0.66591296308033,0.5269256987048399,0.7008743981874823,0.3136136849607983,0.7062817492121074,0.22902990517870167,0.7547072491637121,0.12903225806451613,0.7670450736329304,0.056197074672825253,mean
km by region x ailment x status,1565,1258,2.5824887764839395,5.750607974659064,1.0,-0.5405876015757748,8.015489193988039,0.39384445597380224,0.6868773122606607,0.7027124008783474,0.5269256987048399,0.7350136882847162,0.3136136849607983,0.7427598238012882,0.22902990517870167,0.7778829397271798,0.12903225806451613,0.7507989005340902,0.056197074672825253,median
player_history,1565,1258,5.436042028756583,7.598301542600292,4.300282031744526,2.9238688028415143,7.170359053571456,0.07118126820494224,0.5505803639038532,0.5563590710991646,0.5269256987048399,0.5559673841215897,0.3136136849607983,0.5586354843958083,0.22902990517870167,0.551409170121988,0.12903225806451613,0.5661970099890501,0.056197074672825253,mean
lgbm (observed spells only),1565,1258,2.6182739056267867,5.457142161134856,1.142212287282883,-0.15800156162765425,7.566427386543596,0.5026949509045601,0.7161409316111724,0.7421774515249915,0.5269256987048399,0.7809638440479562,0.3136136849607983,0.7797877661209166,0.22902990517870167,0.8122658894697835,0.12903225806451613,0.8502201166506514,0.056197074672825253,mean
lgbm (observed spells only),1565,1258,2.337528999623129,5.706748993731792,0.8075251846465612,-1.1526695129449502,8.498998144231342,0.5165013625021819,0.7329954187490535,0.7618936662801838,0.5269256987048399,0.7951807797602191,0.3136136849607983,0.7912069370710277,0.22902990517870167,0.8126589948520722,0.12903225806451613,0.816068515497553,0.056197074672825253,median
hazard logistic,1565,1258,7.3947103441939515,13.358939094342878,3.1954692059537724,6.12281313036575,11.281412196940748,0.4286597864066153,0.7330055602431795,0.760620509933602,0.5269256987048399,0.777574813556122,0.3136136849607983,0.7675671441225919,0.22902990517870167,0.7907277206898624,0.12903225806451613,0.8183758296274778,0.056197074672825253,mean
hazard logistic,1565,1258,4.006359300476947,11.639456496579687,1.0,1.1414944356120826,10.483333333333333,0.40689558391587927,0.7221724162177365,0.7484136807453277,0.5269256987048399,0.764857689039932,0.3136136849607983,0.7525971834720305,0.22902990517870167,0.7765809346393445,0.12903225806451613,0.827783861091868,0.056197074672825253,median
hazard forest,1565,1258,3.8083309970272263,6.296432908654376,2.2236830419222415,1.3878370145245142,7.2425231156654295,0.43379275667720624,0.731411317366565,0.7586595136281786,0.5269256987048399,0.7807986406117249,0.3136136849607983,0.7634875775087526,0.22902990517870167,0.7903621577228932,0.12903225806451613,0.8134483452144181,0.056197074672825253,mean
hazard forest,1565,1258,2.518282988871224,5.9948308416793346,1.0,-1.0937996820349762,9.075,0.4579990487381666,0.7275291534151144,0.7600799311041602,0.5269256987048399,0.7718422543188899,0.3136136849607983,0.7484212016944964,0.22902990517870167,0.7706793461931374,0.12903225806451613,0.7933138170685379,0.056197074672825253,median
hazard histgb,1565,1258,4.818442576836677,7.405424751973347,2.6875161070584204,3.1987432227725914,7.0761228210561535,0.42519037000688914,0.7395015252807166,0.7605440832715085,0.5269256987048399,0.7892476163504202,0.3136136849607983,0.7814418887730568,0.22902990517870167,0.8192766860965888,0.12903225806451613,0.8582426422936825,0.056197074672825253,mean
hazard histgb,1565,1258,2.477742448330684,5.356971001861535,1.0,-0.44276629570747217,7.629166666666666,0.4739302287203291,0.7462429144761039,0.7669555345951811,0.5269256987048399,0.8011528839799869,0.3136136849607983,0.7900966562016041,0.22902990517870167,0.8342522484626325,0.12903225806451613,0.8561811437127087,0.056197074672825253,median
hazard lightgbm,1565,1258,4.933982510715145,7.954064861874568,2.564902816734384,3.230650157728316,7.4487205590161105,0.40928411142698934,0.7336600246641137,0.7520383549999814,0.5269256987048399,0.7847139620504107,0.3136136849607983,0.7765126635291565,0.22902990517870167,0.811324439637041,0.12903225806451613,0.8539632170551298,0.056197074672825253,mean
hazard lightgbm,1565,1258,2.579491255961844,6.086355246843468,1.0,-0.38553259141494434,7.820833333333334,0.4663740750230508,0.7411525605244369,0.760092979558664,0.5269256987048399,0.7987479939582742,0.3136136849607983,0.7850378730814889,0.22902990517870167,0.8299205776896421,0.12903225806451613,0.8613656171087621,0.056197074672825253,median
