model,horizon,n_evaluable,base_rate,brier,brier_skill,log_loss
hazard logistic,1,1467,0.5269256987048399,0.21100108031916046,0.15354097038936265,0.609192716238787
hazard logistic,3,1403,0.3136136849607983,0.17502963529022142,0.1868925012461311,0.5291383021108611
hazard logistic,5,1371,0.22902990517870167,0.14953253931725974,0.1531509929712338,0.4656173983920622
hazard logistic,10,1333,0.12903225806451613,0.1016032889923284,0.09591888220715195,0.34101551552500453
hazard logistic,20,1299,0.056197074672825253,0.0536371134625484,-0.011277558088645945,0.21052337768273846
hazard forest,1,1467,0.5269256987048399,0.20633156200720573,0.1722733670818709,0.5979104160363087
hazard forest,3,1403,0.3136136849607983,0.17441609783202716,0.1897427151953115,0.527755534285365
hazard forest,5,1371,0.22902990517870167,0.14767354518185288,0.16367905157860796,0.4596243344288293
hazard forest,10,1333,0.12903225806451613,0.09669044890019304,0.1396340611751341,0.3213157017872068
hazard forest,20,1299,0.056197074672825253,0.04614859907508684,0.12991136977473683,0.1780290489654366
hazard histgb,1,1467,0.5269256987048399,0.19097482416398046,0.23387897304890826,0.5598113836507783
hazard histgb,3,1403,0.3136136849607983,0.15874203737556705,0.26255721927593123,0.4843122158745679
hazard histgb,5,1371,0.22902990517870167,0.13609921164838645,0.2292280812720029,0.42502060460265056
hazard histgb,10,1333,0.12903225806451613,0.08940815156957928,0.20443302168179922,0.29839342691959225
hazard histgb,20,1299,0.056197074672825253,0.041284067133804114,0.22162756524561222,0.16316568424554187
hazard lightgbm,1,1467,0.5269256987048399,0.19062002480403548,0.23530229809289027,0.5589383119166627
hazard lightgbm,3,1403,0.3136136849607983,0.15774548504992547,0.2671867448276253,0.48168696655992976
hazard lightgbm,5,1371,0.22902990517870167,0.13650027722112362,0.22695672292032476,0.4270872599581963
hazard lightgbm,10,1333,0.12903225806451613,0.08874103604116766,0.21036911448553586,0.29685446687402434
hazard lightgbm,20,1299,0.056197074672825253,0.04108129605488848,0.22545062409981365,0.162601570332131
