feature_set,kind,C,valid_log_loss,n_estimators,min_samples_leaf,max_iter,learning_rate,max_leaf_nodes,early_stopping,validation_fraction,num_leaves,min_child_samples,subsample,subsample_freq,colsample_bytree
index_only,logistic,0.03,0.32204,,,,,,,,,,,,
index_only,logistic,0.1,0.32237,,,,,,,,,,,,
index_only,logistic,0.3,0.32283,,,,,,,,,,,,
index_only,logistic,1.0,0.32293,,,,,,,,,,,,
index_only,forest,,0.34175,400,5,,,,,,,,,,
index_only,forest,,0.32865,400,20,,,,,,,,,,
index_only,forest,,0.32847,400,50,,,,,,,,,,
index_only,histgb,,0.31088,,,400,0.05,15,true,0.15,,,,,
index_only,histgb,,0.31181,,,400,0.05,31,true,0.15,,,,,
index_only,histgb,,0.31271,,,400,0.1,15,true,0.15,,,,,
index_only,histgb,,0.31641,,,400,0.1,31,true,0.15,,,,,
index_only,lightgbm,,0.30913,300,,,0.03,,,,15,50,0.8,1,0.8
index_only,lightgbm,,0.31755,300,,,0.03,,,,31,50,0.8,1,0.8
index_only,lightgbm,,0.32571,300,,,0.06,,,,15,50,0.8,1,0.8
index_only,lightgbm,,0.34851,300,,,0.06,,,,31,50,0.8,1,0.8
index_only,lightgbm,,0.32388,700,,,0.03,,,,15,50,0.8,1,0.8
index_only,lightgbm,,0.34908,700,,,0.03,,,,31,50,0.8,1,0.8
index_only,lightgbm,,0.3727,700,,,0.06,,,,15,50,0.8,1,0.8
index_only,lightgbm,,0.43143,700,,,0.06,,,,31,50,0.8,1,0.8
with_report_state,logistic,0.03,0.30266,,,,,,,,,,,,
with_report_state,logistic,0.1,0.30277,,,,,,,,,,,,
with_report_state,logistic,0.3,0.30299,,,,,,,,,,,,
with_report_state,logistic,1.0,0.30304,,,,,,,,,,,,
with_report_state,forest,,0.31264,400,5,,,,,,,,,,
with_report_state,forest,,0.30563,400,20,,,,,,,,,,
with_report_state,forest,,0.30729,400,50,,,,,,,,,,
with_report_state,histgb,,0.28944,,,400,0.05,15,true,0.15,,,,,
with_report_state,histgb,,0.28969,,,400,0.05,31,true,0.15,,,,,
with_report_state,histgb,,0.29282,,,400,0.1,15,true,0.15,,,,,
with_report_state,histgb,,0.29303,,,400,0.1,31,true,0.15,,,,,
with_report_state,lightgbm,,0.28835,300,,,0.03,,,,15,50,0.8,1,0.8
with_report_state,lightgbm,,0.29094,300,,,0.03,,,,31,50,0.8,1,0.8
with_report_state,lightgbm,,0.29542,300,,,0.06,,,,15,50,0.8,1,0.8
with_report_state,lightgbm,,0.31336,300,,,0.06,,,,31,50,0.8,1,0.8
with_report_state,lightgbm,,0.29956,700,,,0.03,,,,15,50,0.8,1,0.8
with_report_state,lightgbm,,0.31081,700,,,0.03,,,,31,50,0.8,1,0.8
with_report_state,lightgbm,,0.32481,700,,,0.06,,,,15,50,0.8,1,0.8
with_report_state,lightgbm,,0.3619,700,,,0.06,,,,31,50,0.8,1,0.8
