body_region,ailment_class,n,censored,km_mean,km_median,naive_mean_observed,p_out_past_5,p_out_past_20
knee,surgery,49,20,34.08,18.0,11.48,0.659,0.425
achilles,tendinopathy,36,14,25.81,2.0,2.14,0.299,0.249
knee,recovery,52,16,22.8,1.0,5.86,0.418,0.367
knee,sprain,89,32,19.92,9.0,7.0,0.583,0.306
hand_wrist,fracture,48,18,15.89,18.0,12.8,0.828,0.339
ankle,tendinopathy,32,7,13.54,2.0,3.84,0.273,0.228
lower_leg,strain,124,27,11.29,8.0,8.0,0.614,0.126
hand_wrist,sprain,158,42,11.21,3.0,4.03,0.344,0.194
hamstring,strain,131,34,10.72,7.0,8.04,0.62,0.147
shoulder,soreness,58,15,10.61,1.0,2.12,0.3,0.139
shoulder,sprain,38,12,10.5,6.0,6.85,0.553,0.187
ankle,sprain,825,192,9.34,3.0,3.7,0.314,0.103
knee,tendinopathy,74,14,8.65,3.0,5.08,0.34,0.121
foot,sprain,121,32,8.33,3.0,3.7,0.372,0.069
foot,contusion,45,14,8.13,3.0,4.39,0.389,0.1
back_core,strain,54,12,8.09,6.0,6.02,0.508,0.087
hip_groin,soreness,216,46,7.84,2.0,3.05,0.27,0.107
hand_wrist,soreness,61,14,7.84,1.0,2.19,0.281,0.203
back_core,soreness,368,82,7.68,2.0,2.67,0.221,0.081
knee,soreness,382,75,7.39,2.0,3.58,0.268,0.101
back_core,contusion,61,11,7.33,1.0,2.22,0.171,0.069
lower_leg,soreness,118,18,7.12,2.0,2.84,0.193,0.087
foot,soreness,197,45,6.85,2.0,3.46,0.287,0.104
hip_groin,strain,136,33,6.58,4.0,4.63,0.373,0.068
ankle,soreness,219,41,5.83,1.0,2.12,0.164,0.071
foot,management,69,10,5.81,1.0,1.22,0.105,0.105
quad,contusion,100,16,5.6,1.0,2.05,0.148,0.084
foot,tendinopathy,56,11,5.51,1.0,2.8,0.319,0.077
knee_ligament,tendinopathy,34,6,5.46,1.0,1.64,0.194,0.162
hip_groin,management,32,1,5.21,1.0,4.74,0.219,0.109
quad,soreness,33,4,4.87,2.0,3.59,0.174,0.058
hamstring,soreness,132,24,4.81,3.0,3.43,0.282,0.056
knee,contusion,134,22,4.79,2.0,2.36,0.216,0.059
knee,management,248,21,3.98,1.0,1.37,0.097,0.054
head_face,concussion,71,16,3.89,3.0,3.04,0.194,0.0
lower_leg,contusion,63,4,3.6,2.0,2.93,0.134,0.021
back_core,management,38,5,3.45,1.0,1.55,0.109,0.073
hip_groin,contusion,108,13,3.09,2.0,2.32,0.165,0.028
achilles,soreness,40,5,3.05,1.0,2.6,0.151,0.0
ankle,management,83,6,2.26,1.0,1.6,0.053,0.035
hand_wrist,contusion,38,10,2.17,2.0,1.79,0.095,0.095
hamstring,management,56,5,2.03,1.0,1.37,0.065,0.033
lower_leg,management,49,1,1.4,1.0,1.27,0.031,0.0
