ailment_class,n,censored,km_mean,km_median,naive_mean_observed,p_out_past_5,p_out_past_20
rupture_tear,54,32,57.57,58.0,15.64,0.829,0.683
surgery,124,52,38.9,21.0,15.58,0.732,0.509
fracture,126,55,29.91,20.0,12.85,0.804,0.448
recovery,98,30,24.23,2.0,6.12,0.442,0.334
dislocation,44,14,19.6,4.0,6.27,0.496,0.307
unknown,130,35,14.33,3.0,4.36,0.41,0.209
tendinopathy,318,76,12.27,2.0,3.16,0.284,0.14
sprain,1308,335,11.85,3.0,4.13,0.362,0.143
strain,558,127,9.29,5.0,6.27,0.492,0.106
soreness,1872,375,7.52,2.0,2.97,0.242,0.092
contusion,648,108,5.71,2.0,2.5,0.186,0.046
management,623,54,3.95,1.0,1.59,0.097,0.055
concussion,71,16,3.89,3.0,3.04,0.194,0.0
