body_region,n,censored,km_mean,km_median,naive_mean_observed,p_out_past_5,p_out_past_20
knee_ligament,121,59,44.89,21.0,6.24,0.619,0.528
achilles,120,32,20.23,2.0,4.5,0.295,0.226
shoulder,200,53,15.15,3.0,3.58,0.364,0.178
foot,580,139,12.34,2.0,4.29,0.342,0.155
hand_wrist,357,98,11.92,3.0,5.11,0.415,0.205
knee,1086,218,11.57,2.0,3.58,0.287,0.143
lower_leg,376,62,9.85,2.0,4.4,0.339,0.107
neck,45,8,9.28,1.0,3.54,0.215,0.123
ankle,1211,261,9.15,2.0,3.39,0.277,0.103
elbow_arm,76,16,8.33,3.0,4.83,0.377,0.117
back_core,570,122,7.92,2.0,3.16,0.266,0.088
hamstring,341,67,7.18,4.0,4.8,0.382,0.091
hip_groin,524,103,6.61,2.0,3.47,0.281,0.088
quad,163,28,6.51,2.0,2.79,0.186,0.1
unknown,76,14,4.96,2.0,3.0,0.251,0.036
head_face,147,32,4.82,3.0,3.3,0.257,0.03
