body_region,n,games_as_observed,games_neutral,delta
knee_ligament,122,32.84,32.31,0.53
achilles,120,15.79,14.23,1.56
shoulder,205,13.17,11.78,1.39
hand_wrist,357,13.29,11.69,1.6
foot,582,12.36,11.11,1.24
knee,1086,10.28,9.46,0.82
elbow_arm,77,11.63,9.24,2.38
lower_leg,380,9.77,8.95,0.82
ankle,1211,9.36,8.39,0.97
hamstring,343,8.88,7.84,1.04
neck,45,8.17,7.24,0.93
hip_groin,527,8.38,7.1,1.28
back_core,572,7.89,6.77,1.12
unknown,76,7.77,6.59,1.17
head_face,158,7.21,6.55,0.66
quad,163,6.41,5.46,0.96
systemic,712,4.83,4.51,0.32
