ailment_class,n,games_as_observed,games_neutral,delta,days_neutral
rupture_tear,54,45.34,44.79,0.55,97.4
surgery,126,34.6,33.92,0.67,73.5
fracture,126,26.65,26.03,0.62,56.7
recovery,98,21.63,21.25,0.38,45.4
dislocation,44,20.96,20.68,0.28,45.1
unknown,157,12.13,11.44,0.69,24.9
sprain,1308,11.8,10.53,1.27,23.0
strain,558,11.36,10.47,0.89,22.7
tendinopathy,318,10.88,9.33,1.55,20.3
soreness,1874,7.9,6.65,1.25,14.6
concussion,71,6.65,5.77,0.88,12.4
contusion,649,6.34,5.41,0.94,11.8
illness,708,4.5,4.26,0.24,9.2
management,626,4.3,3.56,0.74,7.7
