model,n_rows,return_rate,auc,log_loss,log_loss_skill,brier,brier_skill
base rate (train mean),7576,0.1660506863780359,0.5,0.4506,-0.0022,0.1387,-0.0019
logistic / index_only,7576,0.1660506863780359,0.8297,0.3421,0.2391,0.1035,0.2526
forest / index_only,7576,0.1660506863780359,0.8316,0.3408,0.2419,0.1024,0.2606
histgb / index_only,7576,0.1660506863780359,0.854,0.3172,0.2944,0.0963,0.3046
lightgbm / index_only,7576,0.1660506863780359,0.855,0.3163,0.2964,0.0962,0.3053
logistic / with_report_state,7576,0.1660506863780359,0.8445,0.3352,0.2543,0.1027,0.2585
forest / with_report_state,7576,0.1660506863780359,0.842,0.3296,0.2668,0.0991,0.2842
histgb / with_report_state,7576,0.1660506863780359,0.8647,0.3105,0.3093,0.0947,0.3161
lightgbm / with_report_state,7576,0.1660506863780359,0.8681,0.3059,0.3195,0.0932,0.3269
