feature,d_log_loss,sd
days_missed_so_far,0.03052,0.00179
days_since_last_played,0.02548,0.00228
ailment_class,0.01973,0.00101
games_missed_so_far,0.01376,0.00077
status_now_out,0.01087,0.00041
days_to_next_game,0.00849,0.00046
team_games_next_14d_now,0.00699,0.00135
min_last,0.00656,0.00086
is_surgical_now,0.00554,0.00118
ailment_changed,0.00505,0.00077
region_changed,0.00383,0.0007
body_region,0.00371,0.00071
is_catastrophic,0.00279,0.00042
is_management_now,0.0021,0.00031
team_win_pct_before,0.00117,0.00044
status_ever_softened,0.00114,0.00029
is_management,0.00095,0.00041
season_progress,0.00085,0.00014
log_games_missed_so_far,0.00063,0.00009
start_on_b2b,0.00058,0.00031
min_30d,0.00055,0.00017
eliminated_now,0.00054,0.00027
is_illness,0.00053,0.00007
min_roll3,0.00047,0.00037
min_roll10,0.00042,0.00026
min_14d,0.0004,0.00013
games_14d,0.0004,0.00007
hope_now,0.0004,0.00025
draft_number,0.00038,0.00008
min_trend,0.00035,0.0001
min_7d,0.00034,0.00021
body_side,0.0003,0.00007
wins_vs_playin_at_onset,0.00024,0.00011
clinched_at_onset,0.00021,0.00014
season_minutes,0.00019,0.00008
years_since_draft,0.00017,0.00004
career_min_per_game,0.00015,0.00018
age,0.00013,0.00009
prior_spell_games,0.00012,0.0001
min_sd10,0.00011,0.0004
team_games_before,0.00011,0.00003
next_is_b2b,0.00011,0.00003
height_cm,0.0001,0.00003
min_roll5,0.0001,0.00006
usg_roll5,0.0001,0.00019
prior_games_missed_same_region,0.0001,0.00014
team_games_next_14d,0.0001,0.00004
days_since_prior_spell,0.00009,0.00007
games_since_elim_at_onset,0.00009,0.00026
days_rest,0.00009,0.0001
status_now_questionable,0.00008,0.00008
status_now_probable,0.00008,0.00002
career_games,0.00007,0.00019
prior_spells_same_region,0.00006,0.00003
games_since_softened,0.00006,0.00006
stakes_at_onset,0.00004,0.00007
games_7d,0.00003,0.00004
home,0.00003,0.00002
rest_before_last_game,0.00002,0.00006
season_games,0.00002,0.00019
team_regular_remaining,0.00002,0.00001
status_now_doubtful,0.00002,0.00004
is_recovery_now,0.00002,0.00003
start_month,0.00001,0.00004
is_surgical,0.0,0.0
is_bone_stress,0.0,0.0
draft_round,-0.0,0.00001
prior_games_missed_season,-0.0,0.0001
is_quick_recurrence,-0.0,0.00002
is_immediate_reaggravation,-0.0,0.0
eliminated_at_onset,0.0,0.0
starts_in_playoffs,0.0,0.0
starts_at_season_open,0.0,0.0
in_playoffs_now,0.0,0.0
usg_roll10,-0.00001,0.00012
n_reason_separators,-0.00002,0.0
hope_at_onset,-0.00002,0.00008
prior_spells_season,-0.00003,0.00002
index_status,-0.00004,0.00002
bmi,-0.00005,0.00009
prior_games_missed_career,-0.00005,0.00013
position_group,-0.00008,0.00007
prior_games_missed_365d,-0.00008,0.00009
is_recovery_stage,-0.00011,0.00016
prior_spells_career,-0.00012,0.00002
weight_kg,-0.00014,0.00021
days_since_same_region,-0.00015,0.00003
prior_same_region_games,-0.00017,0.0001
pace_roll5,-0.00018,0.00024
career_minutes,-0.00026,0.00017
prior_spells_365d,-0.00026,0.00018
