stratum,point,n,observed_frac,km_mean_actual,mae_observed,c_index
all test spells,mean,1565,0.804,9.3,4.934,0.7337
all test spells,median,1565,0.804,9.3,2.579,0.7412
fresh (last played <= 4d ago),mean,1350,0.847,6.4,4.388,0.7104
fresh (last played <= 4d ago),median,1350,0.847,6.4,2.073,0.7119
gap 5-10 days,mean,86,0.616,12.7,6.776,0.6458
gap 5-10 days,median,86,0.616,12.7,3.453,0.6933
gap > 10 days,mean,114,0.535,27.1,12.577,0.6721
gap > 10 days,median,114,0.535,27.1,9.836,0.6845
not at season open,mean,1510,0.807,7.9,4.627,0.7222
not at season open,median,1510,0.807,7.9,2.279,0.7286
rotation players (>=15 min/game over last 5),mean,1332,0.865,7.5,4.474,0.7183
rotation players (>=15 min/game over last 5),median,1332,0.865,7.5,2.337,0.7229
fresh AND rotation,mean,1215,0.879,5.7,4.135,0.6984
fresh AND rotation,median,1215,0.879,5.7,1.978,0.6971
